"1160574","080081069","10/06/2010","01/08/2008","13:14:00","01/08/2008","13:15:00","603",,,"447 ARNOLD STREET NE","0511","2202",,"1","Day","Tue","20","BURGLARY-RESIDENCE","Old Fourth Ward","M","-84.368960000000001","33.766579999999998",1199816040
"1160575","082040835","02/27/2009","07/21/2008","18:00:00","07/21/2008","18:00:00","104",,,"1721 BROWNING ST","0531","2202A","50","1","Eve","Mon","20","BURGLARY-RESIDENCE","Mozley Park","K","-84.443420000000003","33.752650000000003",1216677600
"1160576","082922120","01/14/2009","10/19/2008","18:30:00","10/19/2008","19:45:00","210",,,"3393 PEACHTREE ROAD","0710","2404",,"1","Eve","Sun","18","AUTO THEFT","Lenox","B","-84.362120000000004","33.846760000000003",1224455400
"1160577","083271617","01/21/2009","11/22/2008","16:00:00","11/22/2008","21:00:00","112","APT","F","106 DOGWOOD DR NW","0511","2202",,"1","Eve","Sat","26","BURGLARY-RESIDENCE","Collier Heights","I","-84.493889999999993","33.782409999999999",1227387600
"1160578","083371418","02/06/2009","12/02/2008","06:00:00","12/02/2008","18:00:00","410",,,"2770 CAMPBELLTON RD","0650","2304",,"1","Day","Tue","23","LARCENY-FROM VEHICLE","Campbellton Road","R","-84.479050000000001","33.700270000000003",1228215600
"1160579","083381490","03/06/2009","12/01/2008","00:00:00","12/03/2008","17:00:00","305",,"2409","177 MOURY AVE","0511","2202","10","1","Unk","Unk",,"BURGLARY-RESIDENCE","The Villages at Carver","Y","-84.390519999999995","33.713479999999997",1228107600
"1160580","083430697","01/15/2009","12/08/2008","11:30:00","12/08/2008","11:40:00","506",,,"650 PONCE DE LEON AVE","0410","1314","10","2","Day","Mon","18","AGG ASSAULT","Midtown","E","-84.365610000000004","33.77469",1228753800
"1160581","083560941","01/02/2009","12/21/2008","07:34:00","12/21/2008","14:00:00","103",,,"471 PAINES ST","0690","2399",,"1","Day","Sun",,"LARCENY-NON VEHICLE","English Avenue","L","-84.414410000000004","33.767580000000002",1229862840
"1160582","083651892","01/01/2009","12/23/2008","12:00:00","12/30/2008","19:00:00","610",,,"2163 RIDGEDALE RD.","0511","2202",,"1","Unk","Unk","20","BURGLARY-RESIDENCE","Kirkwood","O","-84.316800000000001","33.752980000000001",1230051600
"1160583","083662023","01/01/2009","12/31/2008","18:00:00","12/31/2008","21:30:00","103",,,"800 W. MARIETTA ST","0521","2204",,"1","Eve","Wed","26","BURGLARY-RESIDENCE","English Avenue","L","-84.415139999999994","33.78022",1230764400
"1160584","083662137","01/01/2009","12/31/2008","23:15:00","12/31/2008","23:39:00","104",,"4","625 JOSEPH E LOWERY","0430","1315","20","1","Morn","Wed","26","AGG ASSAULT","Ashview Heights","T","-84.417630000000003","33.748649999999998",1230783300
"1160586","090010108","01/01/2009","12/31/2008","20:00:00","01/01/2009","01:00:00","507",,,"360 MARIETTA ST NW","0640","2305",,"2","Eve","Wed","18","LARCENY-FROM VEHICLE","Downtown","M","-84.397019999999998","33.762689999999999",1230771600
"1160587","090010133","01/01/2009","12/31/2008","22:00:00","12/31/2008","22:30:00","114",,,"547 FAIRBURN RD. NW","0710","2404",,"1","Eve","Wed",,"AUTO THEFT","Fairburn Heights","H","-84.500489999999999","33.770899999999997",1230778800
"1160588","090010143","01/01/2009","12/31/2008","16:00:00","01/01/2009","00:45:00","607",,,"695 VERNON AVE SE","0511","2202","50","1","Eve","Wed","20","BURGLARY-RESIDENCE","Ormewood Park","W","-84.358019999999996","33.734990000000003",1230757200
"1160589","090010153","01/01/2009","12/31/2008","22:00:00","01/01/2009","22:30:00","403",,,"1137 AVON AVE SW","0710","2404",,"1","Unk","Thu","13","AUTO THEFT","Oakland City","S","-84.424899999999994","33.722349999999999",1230778800
"1160591","090010247","01/01/2009","12/31/2008","23:00:00","01/01/2009","01:35:00","609",,,"195 ARIZONA AVE NE","0640","2305","50","2","Morn","Thu","13","LARCENY-FROM VEHICLE","Edgewood","O","-84.331199999999995","33.75902",1230782400
"1160592","090010267","01/01/2009","12/31/2008","22:30:00","01/01/2009","01:30:00","610",,,"58 SAUNDERS ST NE","0640","2305","50","1","Morn","Thu","20","LARCENY-FROM VEHICLE","Kirkwood","O","-84.324650000000005","33.75441",1230780600
"1160594","090010307","01/01/2009","12/31/2008","22:45:00","01/01/2009","01:45:00","404",,"B102","1530 RALPH D ABERNATHY BLVD SW","0511","2202",,"1","Morn","Thu","26","BURGLARY-RESIDENCE","Westview","T","-84.437669999999997","33.743070000000003",1230781500
"1160595","090010314","01/01/2009","12/31/2008","22:00:00","01/01/2009","01:45:00","403",,,"14 BELMONTE CT SW","0720","2424",,"1","Morn","Wed","18","AUTO THEFT","Cascade Avenue/Road","S","-84.444969999999998","33.725439999999999",1230778800
"1160598","090010359","01/01/2009","12/31/2008","22:30:00","01/01/2009","02:30:00","512",,,"174 PEACHTREE ST.","0710","2404",,"1","Morn","Thu","18","AUTO THEFT","Downtown","M","-84.393829999999994","33.749540000000003",1230780600
"1160600","090010369","01/01/2009","12/31/2008","22:00:00","01/01/2009","02:00:00","210",,"A302","3200 LENOX RD NE","0511","2202",,"1","Morn","Thu","26","BURGLARY-RESIDENCE","Pine Hills","B","-84.358220000000003","33.842210000000001",1230778800
"1160603","090010406","01/01/2009","12/31/2008","07:00:00","01/01/2009","02:30:00","306",,,"1083 ASTOR AVE SW","0531","2202A",,"1","Unk","Wed","20","BURGLARY-RESIDENCE","Sylvan Hills","X","-84.424040000000005","33.701709999999999",1230724800
"1160604","090010417","01/01/2009","12/31/2008","20:00:00","01/01/2009","03:00:00","304",,,"2323 DEFOOR HILLS RD","0710","2404","20","1","Morn","Wed","3","AUTO THEFT","Summerhill","V","-84.390050000000002","33.74485",1230771600
"1160605","090010422","01/01/2009","12/31/2008","21:30:00","01/01/2009","01:00:00","508",,,"MARIETTA ST NW / SPRING ST NW","0710","2404",,"1","Morn","Wed","18","AUTO THEFT","Downtown","M","-84.392669999999995","33.756990000000002",1230777000
"1160608","090010568","01/01/2009","12/31/2008","23:00:00","01/01/2009","04:30:00","410",,"O-201","1999 BENT CREEK WAY SW","0511","2202",,"1","Morn","Thu","26","BURGLARY-RESIDENCE","Campbellton Road","R","-84.465739999999997","33.700870000000002",1230782400
"1160614","090010681","01/01/2009","12/31/2008","20:30:00","01/01/2009","06:00:00","105",,,"1300 JOSEPH E BOONE BLVD NW","0512","2203",,"1","Morn","Thu","99","BURGLARY-NONRES","Hunter Hills","K","-84.430660000000003","33.762039999999999",1230773400
"1160616","090010704","01/01/2009","12/31/2008","21:00:00","01/01/2009","07:45:00","406",,,"3444 LYNFIELD DR SW","0710","2404",,"1","Morn","Thu","20","AUTO THEFT","Green Forest Acres","I","-84.501189999999994","33.732239999999997",1230775200
"1160622","090010745","01/01/2009","12/31/2008","20:30:00","01/01/2009","08:00:00","208",,"313","3558 PIEDMONT RD NE","0640","2305","50","1","Morn","Thu","18","LARCENY-FROM VEHICLE","Buckhead Forest","B","-84.379440000000002","33.851149999999997",1230773400
"1160632","090010842","01/01/2009","12/22/2008","15:00:00","01/01/2009","10:30:00","604",,,"375 RALPH MCGILL BLVD NE","0670","2308","20","1","Unk","Unk","26","LARCENY-NON VEHICLE","Old Fourth Ward","M","-84.375870000000006","33.763680000000001",1229976000
"1160633","090010881","01/01/2009","12/31/2008","22:30:00","01/01/2009","11:00:00","306",,"2102","1150 ASTOR AVE SW","0710","2404A",,"0","Morn","Thu",,"AUTO THEFT","Sylvan Hills","X","-84.426779999999994","33.701369999999997",1230780600
"1160634","090010889","01/01/2009","12/31/2008","23:00:00","01/01/2009","03:00:00","612",,,"1583 MAY AVE SE","0511","2202","50","1","Morn","Thu","20","BURGLARY-RESIDENCE","East Atlanta","W","-84.335849999999994","33.738750000000003",1230782400
"1160635","090010917","01/01/2009","12/31/2008","19:15:00","01/01/2009","11:37:00","503",,,"422 9TH ST NE","0640","2305",,"1","Unk","Thu","13","LARCENY-FROM VEHICLE","Midtown","E","-84.373339999999999","33.780799999999999",1230768900
"1160639","090010946","01/01/2009","12/01/2008","12:00:00","12/31/2008","14:00:00","407",,,"4082 CORNELL BLVD SW","0690","2399",,"1","Unk","Unk","20","LARCENY-NON VEHICLE","Baker Hills","H","-84.521180000000001","33.759630000000001",1228150800
"1160640","090010949","01/01/2009","12/31/2008","22:00:00","01/01/2009","13:00:00","108",,"A-4","150 FAIRFIELD PL NW","0710","2404","50","1","Morn","Thu",,"AUTO THEFT","Dixie Hills","J","-84.463250000000002","33.758099999999999",1230778800
"1160642","090010962","01/01/2009","12/30/2008","17:00:00","12/31/2008","10:00:00","304",,,"185 SOUTH AVE SE","0720","2424",,"1","Unk","Wed","20","AUTO THEFT","Summerhill","V","-84.381730000000005","33.732219999999998",1230674400
"1160644","090010965","01/01/2009","12/31/2008","22:00:00","01/01/2009","01:00:00","511",,,"65 ALABAMA ST SW @UNDERGROUND ATLANTA","0690","2399",,"1","Morn","Wed",,"LARCENY-NON VEHICLE","Downtown","M","-84.389920000000004","33.752580000000002",1230778800
"1160648","090011015","01/01/2009","12/24/2008","20:00:00","01/01/2009","12:00:00","302",,,"1145 IRA ST SW","0511","2202","10","2","Unk","Unk","20","BURGLARY-RESIDENCE","Pittsburgh","V","-84.400229999999993","33.723660000000002",1230166800
"1160649","090011019","01/01/2009","12/31/2008","21:00:00","12/31/2008","22:00:00","204",,,"1715 HOWELL MILL RD NW","0690","2399",,"1","Eve","Wed",,"LARCENY-NON VEHICLE","Berkeley Park","D","-84.415700000000001","33.800890000000003",1230775200
"1160650","090011020","01/01/2009","12/31/2008","19:00:00","01/01/2009","12:30:00","509",,,"590 W PEACHTREE ST NW","0640","2305",,"1","Unk","Thu","18","LARCENY-FROM VEHICLE","Downtown","M","-84.388149999999996","33.770229999999998",1230768000
"1160651","090011049","01/01/2009","12/31/2008","17:00:00","12/31/2008","22:00:00","502",,,"188 14TH STREET","0640","2305",,"1","Eve","Wed","18","LARCENY-FROM VEHICLE","Midtown","E","-84.381389999999996","33.786630000000002",1230760800
"1160652","090011054","01/01/2009","12/29/2008","17:00:00","12/30/2008","07:00:00","506",,,"897 MONROE CIR NE","0640","2305",,"1","Morn","Tue","13","LARCENY-FROM VEHICLE","Midtown","E","-84.368510000000001","33.779170000000001",1230588000
"1160656","090011117","01/01/2009","12/31/2008","21:00:00","01/01/2009","14:00:00","307",,"87","624 AMAL DR SW","0650","2304",,"1","Unk","Thu","26","LARCENY-FROM VEHICLE","Amal Heights","Y","-84.397220000000004","33.709330000000001",1230775200
"1160657","090011134","01/01/2009","12/31/2008","18:00:00","01/01/2009","14:00:00","602",,,"819 ASHLAND AVE NE","0650","2304","50","1","Unk","Thu","13","LARCENY-FROM VEHICLE","Inman Park","N","-84.360929999999996","33.757530000000003",1230764400
"1160660","090011161","01/01/2009","12/31/2008","23:30:00","01/01/2009","01:00:00","601",,,"1024 HIGHLAND VW NE","0511","2202","50","1","Morn","Thu","20","BURGLARY-RESIDENCE","Virginia Highland","F","-84.353970000000004","33.779409999999999",1230784200
"1160661","090011185","01/01/2009","12/31/2008","00:30:00","01/01/2009","01:15:00","503",,,"1150 PEACHTREE ST","0690","2399",,"1","Unk","Wed",,"LARCENY-NON VEHICLE","Midtown","E","-84.383700000000005","33.78595",1230701400
"1160662","090011207","01/01/2009","12/27/2008","01:00:00","12/28/2008","12:00:00","113",,"1234","162O HOLLY WOOD DR NW","0640","2305",,"1","Unk","Sat","18","LARCENY-FROM VEHICLE","Scotts Crossing","G","-84.470230000000001","33.799880000000002",1230357600
"1160669","090011315","01/01/2009","12/31/2008","22:00:00","01/01/2009","15:30:00","404",,,"597 WILLARD AVE SW","0720","2424",,"1","Unk","Thu","20","AUTO THEFT","Westview","T","-84.437430000000006","33.739100000000001",1230778800
"1160676","090011406","01/01/2009","12/27/2008","13:00:00","01/01/2009","17:45:00","212",,"6206","2000 MONROE PL NE","0511","2202","50","1","Unk","Unk","26","BURGLARY-RESIDENCE","Piedmont Heights","F","-84.370249999999999","33.810299999999998",1230400800
"1160679","090011478","01/01/2009","12/31/2008","20:30:00","01/01/2009","18:30:00","203",,,"1271 MARIETTA BLVD NW","0341","1206","20","3","Unk","Thu","3","ROBBERY-PEDESTRIAN","Blandtown","D","-84.428190000000001","33.789490000000001",1230773400
"1160682","090011534","01/01/2009","12/31/2008","19:00:00","12/31/2008","19:00:00","108",,,"2181 MARTIN L KING JR DR NW","0311","1204","10","1","Eve","Wed",,"ROBBERY-PEDESTRIAN","Florida Heights","I","-84.462940000000003","33.752600000000001",1230768000
"1160694","090011715","01/01/2009","12/24/2008","09:30:00","01/01/2009","22:30:00","309",,,"824 BROOKDALE DR SW","0511","2202",,"1","Unk","Unk",,"BURGLARY-RESIDENCE","Perkerson","X","-84.416309999999996","33.686230000000002",1230129000
"1160715","090020277","01/02/2009","12/31/2008","23:00:00","01/02/2009","06:00:00","609",,,"201 WHITEFOORD AVE SE","0511","2202","50","1","Unk","Unk","20","BURGLARY-RESIDENCE","Edgewood","O","-84.342489999999998","33.747819999999997",1230782400
"1160719","090020298","01/02/2009","12/19/2008","21:00:00","01/02/2009","07:00:00","507",,,"190 MARIETTA ST NW","0610","2301",,"1","Unk","Unk","26","LARCENY-NON VEHICLE","Downtown","M","-84.394869999999997","33.757570000000001",1229738400
"1160727","090020413","01/02/2009","12/31/2008","15:00:00","01/02/2009","07:30:00","207",,"425","1819 PEACHTREE RD NE","0670","2308","50","1","Unk","Unk","5","LARCENY-NON VEHICLE","Brookwood Hills","E","-84.393119999999996","33.80377",1230753600
"1160729","090020439","01/02/2009","12/31/2008","13:30:00","01/01/2009","07:10:00","301",,,"510 MELLVIEW AVE SW","0720","2424",,"1","Unk","Wed","18","AUTO THEFT","Capitol View Manor","X","-84.404399999999995","33.71754",1230748200
"1160731","090020458","01/02/2009","12/31/2008","20:00:00","01/02/2009","10:00:00","213",,,"831 KINGS CT NE;","0710","2404A","50","1","Unk","Unk",,"AUTO THEFT","Morningside/Lenox Park","F","-84.359899999999996","33.788440000000001",1230771600
"1160732","090020496","01/02/2009","08/29/2008","10:00:00","01/02/2009","10:00:00","611",,,"2315 GLENWOOD AVE SE","0680","2307","50","1","Unk","Unk","18","LARCENY-NON VEHICLE","East Lake","O","-84.311490000000006","33.739840000000001",1220018400
"1160734","090020521","01/02/2009","12/26/2008","14:00:00","01/02/2009","10:00:00","108",,,"103 FAIRFIELD PL NW","0511","2202",,"1","Unk","Unk","20","BURGLARY-RESIDENCE","Dixie Hills","J","-84.462940000000003","33.755769999999998",1230318000
"1160738","090020538","01/02/2009","12/31/2008","16:00:00","01/02/2009","09:00:00","501",,"C","691 IMAGE AVE NW","0512","2203",,"1","Unk","Unk","29","BURGLARY-NONRES","Home Park","E","-84.409949999999995","33.781199999999998",1230757200
"1160742","090020616","01/02/2009","12/30/2008","17:00:00","12/31/2008","09:00:00","308",,"398","1000 NEW TOWN CIR SE","0511","2202","50","1","Unk","Wed","26","BURGLARY-RESIDENCE","Thomasville Heights","Z","-84.359120000000004","33.70823",1230674400
"1160748","090020717","01/02/2009","09/09/2008","08:00:00","12/26/2008","16:00:00","201",,"423","3160 HOWELL MILL RD.","0670","2308",,"1","Unk","Unk","20","LARCENY-NON VEHICLE",,"C","-84.428550000000001","33.84055",1220961600
"1160749","090020724","01/02/2009","12/31/2008","22:00:00","01/01/2009","10:00:00","505",,,"880 WEST PEACHTREE STREET","0640","2305",,"1","Morn","Thu","13","LARCENY-FROM VEHICLE","Midtown","E","-84.387680000000003","33.778939999999999",1230778800
"1160756","090020795","01/02/2009","12/28/2008","18:00:00","12/30/2008","18:00:00","213",,"B-6","1445 MONROE DR NE;","0690","2399","50","1","Unk","Unk","26","LARCENY-NON VEHICLE","Morningside/Lenox Park","F","-84.36336","33.794499999999999",1230505200
"1160757","090020796","01/02/2009","12/01/2008","12:00:00","01/02/2009","14:00:00","506",,,"516 PONCE DE LEON AVE NE","0511","2202",,"1","Unk","Unk","5","BURGLARY-RESIDENCE","Midtown","E","-84.369950000000003","33.774349999999998",1228150800
"1160759","090020808","01/02/2009","12/22/2008","12:00:00","12/22/2008","23:00:00","304",,,"I-75  NORTH @ I-20 EAST","0710","2404",,"1","Eve","Mon","13","AUTO THEFT","Summerhill","V","-84.390050000000002","33.74485",1229965200
"1160766","090020923","01/02/2009","12/28/2008","17:00:00","12/29/2008","13:00:00","303",,,"FULTON ST SW / PRYOR ST SW","0710","2404",,"1","Unk","Mon","18","AUTO THEFT","Mechanicsville","V","-84.39452","33.741900000000001",1230501600
"1160767","090020925","01/02/2009","12/26/2008","12:00:00","01/02/2009","12:00:00","108",,,"172 DAHLIA AVE NW","0512","2203",,"1","Unk","Unk","20","BURGLARY-NONRES","Dixie Hills","J","-84.462400000000002","33.758960000000002",1230310800
"1160773","090020981","01/02/2009","01/02/2008","00:00:00","01/02/2008","15:00:00","512",,,"200 MEMORIAL DR SW","0522","2205",,"1","Day","Wed","24","BURGLARY-NONRES","Downtown","M","-84.394030000000001","33.746560000000002",1199250000
"1160778","090021099","01/02/2009","12/31/2008","03:00:00","01/02/2009","16:30:00","107",,,"423 ILLINOIS AVE NW","0710","2404","50","1","Unk","Unk","20","AUTO THEFT","Grove Park","J","-84.451530000000005","33.766739999999999",1230710400
"1160780","090021117","01/02/2009","12/20/2008","10:00:00","01/02/2009","16:42:00","114",,,"452 CAMROSE WAY","0511","2202",,"1","Unk","Unk","20","BURGLARY-RESIDENCE","Fairburn Heights","H","-84.506230000000002","33.767569999999999",1229785200
"1160788","090021180","01/02/2009","12/31/2008","17:00:00","12/31/2008","17:00:00","307",,,"1660 JONESBORO RD","0311","1204",,"1","Eve","Wed","7","ROBBERY-PEDESTRIAN","Lakewood Heights","Y","-84.379270000000005","33.706650000000003",1230760800
"1160792","090021275","01/02/2009","12/31/2008","17:00:00","01/02/2009","17:30:00","301",,,"1330 ALLENE AVE SW","0521","2204",,"3","Unk","Unk","20","BURGLARY-RESIDENCE","Capitol View","X","-84.412610000000001","33.718559999999997",1230760800
"1160796","090021334","01/02/2009","12/30/2008","21:45:00","12/30/2008","22:00:00","502",,,"1073 PIEDMONT AVE NE @PIEDMONT PARK","0610","2301",,,"Eve","Tue",,"LARCENY-NON VEHICLE","Midtown","E","-84.378969999999995","33.783839999999998",1230691500
"1160802","090021395","01/02/2009","12/20/2008","10:00:00","01/02/2009","19:00:00","213",,,"851 WILDWOOD RD NE","0521","2204","50","1","Unk","Unk","20","BURGLARY-RESIDENCE","Morningside/Lenox Park","F","-84.359960000000001","33.803040000000003",1229785200
"1160806","090021442","01/02/2009","12/18/2008","07:00:00","01/02/2009","19:30:00","605",,,"744 BERNE ST SE","0511","2202",,"2","Unk","Unk","20","BURGLARY-RESIDENCE","Grant Park","W","-84.363020000000006","33.736800000000002",1229601600
"1160811","090021504","01/02/2009","12/31/2008","08:30:00","01/02/2009","20:00:00","605",,,"900 MARION AVE SE","0511","2202",,"1","Unk","Unk","20","BURGLARY-RESIDENCE","Grant Park","W","-84.365610000000004","33.729900000000001",1230730200
"1160814","090021532","01/02/2009","12/31/2008","22:00:00","01/02/2009","15:00:00","604","APT","P","691 JOHN WESLEY DOBBS AVE NE","0690","2399",,"1","Unk","Unk","26","LARCENY-NON VEHICLE","Old Fourth Ward","M","-84.364769999999993","33.759340000000002",1230778800
"1160819","090021577","01/02/2009","12/18/2008","05:00:00","01/02/2009","20:45:00","104",,"215","965 CUNNINGHAM PL SW","0511","2202",,"3","Unk","Unk","26","BURGLARY-RESIDENCE","Harris Chiles","T","-84.419640000000001","33.74333",1229594400
"1160824","090021622","01/03/2009","12/29/2008","08:00:00","01/02/2009","01:00:00","409",,,"3158 MT.GILEAD ROAD","0511","2202",,"1","Unk","Unk","20","BURGLARY-RESIDENCE","Southwest","R","-84.493819999999999","33.696899999999999",1230555600
"1160877","090030590","01/03/2009","12/20/2008","15:00:00","01/02/2009","15:00:00","114",,,"3512 COLLIER RD. NW","0511","2202",,"1","Unk","Unk",,"BURGLARY-RESIDENCE","Fairburn Heights","H","-84.501840000000001","33.768619999999999",1229803200
"1160884","090030655","01/03/2009","12/31/2008","15:00:00","01/03/2009","11:00:00","301",,,"1433 BEATIE AVE SW","0511","2202",,"1","Unk","Unk","20","BURGLARY-RESIDENCE","Capitol View","X","-84.41113","33.715699999999998",1230753600
"1160885","090030669","01/03/2009","10/22/2008","12:00:00","10/31/2008","12:00:00","213",,,"1833 CHARLINE AVE NE","0670","2308",,,"Unk","Unk",,"LARCENY-NON VEHICLE","Morningside/Lenox Park","F","-84.346720000000005","33.80442",1224691200
"1160892","090030810","01/03/2009","12/30/2008","18:30:00","12/30/2008","21:30:00","606",,,"1111 WYLIE ST SE","0640","2305","50","1","Eve","Tue","20","LARCENY-FROM VEHICLE","Reynoldstown","N","-84.350710000000007","33.752180000000003",1230679800
"1160896","090030857","01/03/2009","12/31/2008","06:00:00","01/03/2009","13:00:00","202",,,"1673 MOUNT PARAN RD NW","0511","2202",,"1","Unk","Unk","20","BURGLARY-RESIDENCE","Mt. Paran/Northside","A","-84.430980000000005","33.867809999999999",1230721200
"1160900","090030885","01/03/2009","01/01/2008","19:00:00","01/03/2009","14:30:00","603",,"152","300 CITYLANE AVE NE","0640","2305",,"1","Unk","Unk","18","LARCENY-FROM VEHICLE","Old Fourth Ward","M","-84.378029999999995","33.770180000000003",1199232000
"1160925","090031350","01/03/2009","12/01/2008","08:00:00","12/01/2008","17:00:00","113",,,"1583 BRIDGEPORT DR NW","0521","2204",,"1","Day","Mon","20","BURGLARY-RESIDENCE","Lincoln Homes","G","-84.477490000000003","33.798589999999997",1228136400
"1160985","090040459","01/04/2009","12/12/2008","18:30:00","01/04/2009","08:37:00","502",,,"1270 W PEACHTREE ST NW","0640","2305",,"1","Unk","Unk","18","LARCENY-FROM VEHICLE","Midtown","E","-84.387889999999999","33.789200000000001",1229124600
"1160994","090040639","01/04/2009","12/31/2008","23:00:00","01/04/2009","11:30:00","604",,,"375 RALPH MCGILL BLVD NE","0710","2404",,"1","Unk","Unk","13","AUTO THEFT","Old Fourth Ward","M","-84.375870000000006","33.763680000000001",1230782400
"1160998","090040745","01/04/2009","12/27/2008","17:00:00","01/04/2009","12:00:00","414",,,"3687 LARGO LN SW","0511","2202",,"1","Unk","Unk","20","BURGLARY-RESIDENCE","Tampa Park","P","-84.509280000000004","33.67989",1230415200
"1161007","090040901","01/04/2009","12/28/2008","06:00:00","12/31/2008","19:00:00","113",,,"1658 MALDO DR NW","0511","2202",,"1","Unk","Unk","20","BURGLARY-RESIDENCE","Lincoln Homes","G","-84.481669999999994","33.801000000000002",1230462000
"1161008","090040906","01/04/2009","12/31/2008","07:00:00","01/04/2009","13:30:00","207",,"2517","40 PEACHTREE VALLEY RD NE","0511","2202",,"2","Unk","Unk","26","BURGLARY-RESIDENCE",,"E","-84.391450000000006","33.810960000000001",1230724800
"1161010","090040976","01/04/2009","12/18/2008","12:00:00","01/04/2009","10:00:00","505",,"2215","116 PONCE DE LEON AVE NE","0640","2305",,"1","Unk","Unk","18","LARCENY-FROM VEHICLE","Midtown","E","-84.38382","33.772480000000002",1229619600
"1161014","090041007","01/04/2009","12/18/2008","13:30:00","01/04/2009","16:00:00","501",,"4007","390 17TH ST NW","0521","2204",,"1","Unk","Unk","26","BURGLARY-RESIDENCE","Atlantic Station","E","-84.400300000000001","33.790199999999999",1229625000
"1161022","090041110","01/04/2009","12/29/2008","15:00:00","01/04/2009","16:55:00","414",,"6010","3725 PRINCETON LAKES PKWY SW","0511","2202",,"1","Unk","Unk","26","BURGLARY-RESIDENCE","Princeton Lakes","P","-84.508529999999993","33.657690000000002",1230580800
"1161036","090041280","01/04/2009","12/01/2008","10:00:00","01/02/2009","10:00:00","212",,"101","2230-50 CHESHIRE BRIDGE RD NE","0521","2204","50","1","Unk","Unk","26","BURGLARY-RESIDENCE","Lindridge/Martin Manor","F","-84.352680000000007","33.815919999999998",1228143600
"1161037","090041319","01/04/2009","11/03/2008","00:01:00","01/04/2009","14:00:00","301",,,"994 DILL AVE SW","0511","2202",,"1","Unk","Unk","20","BURGLARY-RESIDENCE","Capitol View","X","-84.420739999999995","33.718089999999997",1225688460
"1161041","090041376","01/04/2009","12/31/2008","08:00:00","01/04/2009","18:45:00","206",,,"314 BRENTWOOD DR NE","0511","2202",,"5","Unk","Unk","20","BURGLARY-RESIDENCE","Garden Hills","B","-84.377700000000004","33.830730000000003",1230728400
"1161049","090041458","01/04/2009","12/24/2008","17:00:00","01/04/2009","21:15:00","414",,,"2725 DEERWOOD LN SW","0531","2202A",,"1","Unk","Unk",,"BURGLARY-RESIDENCE","Ben Hill","P","-84.515529999999998","33.672719999999998",1230156000
"1161076","090050387","01/05/2009","01/04/2008","22:00:00","01/05/2008","08:00:00","202",,,"3364 KNOLLWOOD DR NW","0640","2305",,"1","Morn","Sat","20","LARCENY-FROM VEHICLE","Tuxedo Park","A","-84.395939999999996","33.846820000000001",1199502000
"1161078","090050414","01/05/2009","12/31/2008","22:00:00","01/05/2009","09:00:00","612",,,"491 FLAT SHOALS AVE SE","0650","2304","50","1","Unk","Unk","18","LARCENY-FROM VEHICLE","East Atlanta","W","-84.346199999999996","33.74053",1230778800
"1161080","090050419","01/05/2009","12/30/2008","11:00:00","01/05/2009","08:23:00","207",,"119","1375 NORTHSIDE DR NW","0730","2434","50","1","Unk","Unk","14","AUTO THEFT","Loring Heights","E","-84.407740000000004","33.792149999999999",1230652800
"1161090","090050521","01/05/2009","12/20/2008","17:00:00","01/05/2009","09:00:00","212",,,"2535 CHANTILLY DR NE","0650","2304",,"1","Unk","Unk","18","LARCENY-FROM VEHICLE","Lindridge/Martin Manor","F","-84.349770000000007","33.823630000000001",1229810400
"1161098","090050664","01/05/2009","12/23/2008","02:00:00","12/23/2008","08:00:00","304",,,"574 REED ST SE","0720","2424A",,"1","Morn","Tue",,"AUTO THEFT","Summerhill","V","-84.385369999999995","33.738999999999997",1230015600
"1161101","090050692","01/05/2009","12/29/2008","12:00:00","01/02/2009","12:00:00","408",,,"1660 STANTON RD SW","0512","2203",,"1","Unk","Unk","6","BURGLARY-NONRES",,"R","-84.442390000000003","33.709530000000001",1230570000
"1161102","090050720","01/05/2009","01/02/2008","15:00:00","01/05/2009","10:00:00","412",,,"2032 SANDLAKE DR SW","0521","2204",,"1","Unk","Unk","20","BURGLARY-RESIDENCE",,"P","-84.541589999999999","33.699530000000003",1199304000
"1161108","090050770","01/05/2009","12/30/2008","12:00:00","01/01/2009","12:00:00","610",,,"288 LELAND TER NE","0670","2308",,,"Unk","Unk",,"LARCENY-NON VEHICLE","Kirkwood","O","-84.313850000000002","33.761360000000003",1230656400
"1161110","090050795","01/05/2009","01/04/2008","21:00:00","01/05/2009","09:30:00","410",,"LEASI","1994 BENT CREEK WAY SW","0690","2399",,"1","Unk","Unk","26","LARCENY-NON VEHICLE","Campbellton Road","R","-84.466309999999993","33.701099999999997",1199498400
"1161113","090050842","01/05/2009","12/29/2008","12:15:00","01/05/2009","12:15:00","308",,,"1996 PHILLIPS DR SE","0511","2202",,"0","Unk","Unk",,"BURGLARY-RESIDENCE","Thomasville Heights","Z","-84.353499999999997","33.699350000000003",1230570900
"1161123","090050908","01/05/2009","05/01/2008","12:00:00","09/01/2008","12:00:00","606",,,"1008 MANIGAULT ST SE","0660","2317",,,"Unk","Unk",,"LARCENY-NON VEHICLE","Reynoldstown","N","-84.354119999999995","33.751139999999999",1209657600
"1161125","090050939","01/07/2009","12/30/2008","12:00:00","01/02/2009","12:00:00","305","UNIT","5405","1195 MILTON TER SE","0670","2308",,"1","Unk","Unk",,"LARCENY-NON VEHICLE","Chosewood Park","Y","-84.381050000000002","33.72186",1230656400
"1161129","090050980","01/05/2009","12/20/2008","13:00:00","01/05/2009","13:00:00","211",,,"829 PEACHTREE HILLS CIR NE","0640","2305",,"1","Unk","Unk","18","LARCENY-FROM VEHICLE","Peachtree Hills","B","-84.374989999999997","33.819540000000003",1229796000
"1161131","090050992","01/07/2009","09/01/2008","12:00:00","09/15/2008","12:00:00","503",,,"10TH ST NE / PEACHTREE ST NE","0610","2301",,"1","Unk","Unk",,"LARCENY-NON VEHICLE","Midtown","E","-84.384010000000004","33.781709999999997",1220284800
"1161137","090051079","01/05/2009","12/31/2008","16:00:00","01/01/2009","10:00:00","509",,,"550 PEACHTREE ST NE","0670","2308",,"1","Unk","Thu","28","LARCENY-NON VEHICLE","Downtown","M","-84.385540000000006","33.769289999999998",1230757200
"1161138","090051116","01/05/2009","12/31/2008","20:30:00","12/31/2008","21:00:00","202",,,"1284 W PACES FERRY RD NW","0690","2399",,"1","Eve","Wed",,"LARCENY-NON VEHICLE","West Paces Ferry/Northside","A","-84.429509999999993","33.848759999999999",1230773400
"1161139","090051125","01/05/2009","12/31/2008","12:00:00","01/04/2009","12:00:00","502",,,"56 AVERY DR NE;","0640","2305",,"1","Unk","Unk","13","LARCENY-FROM VEHICLE","Ansley Park","E","-84.372630000000001","33.795319999999997",1230742800
"1161142","090051143","01/05/2009","12/23/2008","14:00:00","12/28/2008","09:00:00","511",,"250","104 MARIETTA ST NW","0670","2308",,"1","Unk","Unk","99","LARCENY-NON VEHICLE","Downtown","M","-84.392420000000001","33.756599999999999",1230058800
"1161145","090051192","01/05/2009","12/31/2008","23:00:00","01/01/2009","03:00:00","112",,"208","2861 ENGLE RD NW","0690","2399",,"1","Morn","Thu","20","LARCENY-NON VEHICLE","Collier Heights","I","-84.480850000000004","33.769710000000003",1230782400
"1161148","090051314","01/05/2009","12/21/2008","02:00:00","01/03/2009","23:15:00","113","APT","230","1206 WILKES CIR NW","0420","1315K",,"1","Unk","Unk","26","AGG ASSAULT","Brookview Heights","G","-84.479609999999994","33.784860000000002",1229842800
"1161151","090051364","01/05/2009","12/31/2008","18:00:00","01/05/2009","04:00:00","208",,,"3343 PEACHTREE RD NE","0690","2399","50","1","Unk","Unk","6","LARCENY-NON VEHICLE","Lenox","B","-84.367369999999994","33.847479999999997",1230764400
"1161180","090051667","01/05/2009","12/05/2008","16:00:00","01/05/2009","20:00:00","501",,"32","1041 STATE ST NW","0710","2404A",,"1","Unk","Unk","18","AUTO THEFT","Home Park","E","-84.398889999999994","33.783059999999999",1228510800
"1161204","090060078","01/06/2009","12/31/2008","21:00:00","01/05/2009","23:30:00","312",,,"42 SPRINGSIDE DR SE","0710","2404",,"1","Unk","Unk","20","AUTO THEFT","Glenrose Heights","Z","-84.388289999999998","33.67653",1230775200
"1161220","090060340","01/06/2009","12/15/2008","08:00:00","12/16/2008","08:00:00","508",,,"275 BAKER ST NW","0670","2308",,"1","Unk","Mon",,"LARCENY-NON VEHICLE","Downtown","M","-84.395679999999999","33.762059999999998",1229346000
"1161227","090060406","01/06/2009","01/05/2008","20:00:00","01/06/2009","06:00:00","112",,,"410 WATERFORD RD NW","0710","2404",,"1","Unk","Unk",,"AUTO THEFT","Collier Heights","I","-84.482770000000002","33.76614",1199581200
"1161236","090060565","01/06/2009","12/27/2008","19:45:00","12/28/2008","07:30:00","208",,,"3500 PEACHTREE RD NE @PHIPPS PLAZA","0640","2305",,,"Morn","Sun",,"LARCENY-FROM VEHICLE","North Buckhead","B","-84.361159999999998","33.852519999999998",1230425100
"1161239","090060592","01/06/2009","12/31/2008","22:00:00","01/01/2009","01:30:00","210",,,"3379 PEACHTREE RD NE","0670","2308",,,"Morn","Wed",,"LARCENY-NON VEHICLE","Lenox","B","-84.365819999999999","33.848100000000002",1230778800
"1161244","090060661","01/06/2009","12/08/2008","14:30:00","01/06/2009","09:30:00","504",,,"262 HUNNICUTT ST NW","0710","2404",,"1","Unk","Unk","18","AUTO THEFT","Downtown","M","-84.395700000000005","33.766550000000002",1228764600
"1161245","090060685","01/06/2009","12/18/2008","12:30:00","01/05/2009","09:30:00","201",,,"1425 W PACES FERRY RD NW","0690",,,"1","Unk","Unk","35","LARCENY-NON VEHICLE","Paces","A","-84.431970000000007","33.848640000000003",1229621400
"1161254","090060951","01/06/2009","12/13/2008","11:00:00","12/13/2008","11:30:00","211",,,"1417 SUMMIT NORTH DR NE","0670","2308",,"1","Day","Sat",,"LARCENY-NON VEHICLE","Lindbergh/Morosgo","B","-84.361729999999994","33.827500000000001",1229184000
"1161257","090060993","01/06/2009","12/31/2008","23:00:00","01/01/2009","00:30:00","511",,,"65 ALABAMA ST SW @UNDERGROUND ATLANTA","0610","2301",,"1","Morn","Wed",,"LARCENY-NON VEHICLE","Downtown","M","-84.389920000000004","33.752580000000002",1230782400
"1161258","090061025","01/06/2009","12/31/2008","15:00:00","12/31/2008","15:30:00","511",,,"82 PEACHTREE STREET S.W.","0331","1205",,"1","Eve","Wed","99","ROBBERY-PEDESTRIAN","Downtown","M","-84.391329999999996","33.751860000000001",1230753600
"1161261","090061128","01/06/2009","12/05/2008","08:00:00","01/02/2009","12:00:00","102",,,"669 RHODES ST NW","0670","2308",,,"Unk","Unk",,"LARCENY-NON VEHICLE","Vine City","L","-84.409440000000004","33.757060000000003",1228482000
"1161273","090061280","01/06/2009","01/06/2008","15:00:00","01/06/2008","15:25:00","602",,,"1001 PONCE DE LEON AVE NE","0630","2303","10","1","Eve","Sun",,"LARCENY-NON VEHICLE","Poncey-Highland","N","-84.354669999999999","33.773400000000002",1199649600
"1161296","090061733","01/06/2009","01/06/2008","08:00:00","01/06/2008","17:45:00","508","LOFT","222","50 PEACHTREE ST NW","0690","2399",,"1","Day","Sun",,"LARCENY-NON VEHICLE","Downtown","M","-84.389259999999993","33.75515",1199624400
"1161305","090061806","01/06/2009","01/06/2008","18:50:00","01/06/2008","18:55:00","604",,,"474 EDGEWOOD AVE NE","0640","2305",,"1","Eve","Sun","18","LARCENY-FROM VEHICLE","Old Fourth Ward","M","-84.371930000000006","33.754390000000001",1199663400
"1161313","090061885","01/06/2009","12/31/2008","15:00:00","12/31/2008","23:00:00","510",,,"80 JESSE HILL JR DRIVE","0670","2308",,"1","Eve","Wed","28","LARCENY-NON VEHICLE","Downtown","M","-84.381979999999999","33.75168",1230753600
"1161326","090062039","01/06/2009","12/02/2008","19:37:00","12/02/2008","19:50:00","412",,,"3709 CAMPBELLTON RD SW","0690","2399",,"1","Eve","Tue",,"LARCENY-NON VEHICLE","Ben Hill Acres","P","-84.509690000000006","33.690750000000001",1228264620
"1161349","090070191","01/07/2009","12/31/2008","04:30:00","01/07/2009","03:00:00","104",,"O6","1017 WESTVIEW DR SW","0511","2202",,"1","Unk","Unk","26","BURGLARY-RESIDENCE","Ashview Heights","T","-84.420659999999998","33.747709999999998",1230715800
"1161352","090070314","01/07/2009","01/07/2008","06:30:00","01/07/2008","06:40:00","512",,,"232 FORSYTH SW","0317","1299G",,"1","Morn","Mon","13","ROBBERY-PEDESTRIAN","Downtown","M","-84.396360000000001","33.748519999999999",1199705400
"1161363","090070479","01/07/2009","01/31/2008","15:00:00","01/01/2009","03:00:00","508",,,"160 SPRING ST NW","0640","2305",,,"Unk","Unk",,"LARCENY-FROM VEHICLE","Downtown","M","-84.390090000000001","33.759340000000002",1201809600
"1161365","090070517","01/07/2009","12/23/2008","17:00:00","01/07/2009","08:00:00","305",,,"54 MCDONOUGH BLVD SE","0720","2424",,"1","Unk","Unk",,"AUTO THEFT","South Atlanta","Y","-84.386099999999999","33.720379999999999",1230069600
"1161391","090070980","01/07/2009","12/30/2008","15:00:00","01/07/2009","11:00:00","110",,,"1047 GUN CLUB RD. NW","0670","2308",,"1","Unk","Unk","20","LARCENY-NON VEHICLE","Grove Park","J","-84.456739999999996","33.783909999999999",1230667200
"1161397","090071066","01/07/2009","12/21/2008","08:30:00","12/21/2008","19:30:00","205",,,"2023 SPRINGLAKE DR NW","0531","2202A","50","1","Day","Sun","20","BURGLARY-RESIDENCE","Springlake","C","-84.410679999999999","33.81044",1229866200
"1161398","090071073","01/07/2009","06/01/2008","08:00:00","01/07/2009","08:00:00","307",,,"23 CLAIRE DR. S.W.","0690","2399",,"1","Unk","Unk","99","LARCENY-NON VEHICLE","Lakewood Heights","Y","-84.387450000000001","33.705019999999998",1212321600
"1161399","090071099","01/09/2009","12/27/2008","10:45:00","12/27/2008","13:00:00","501",,,"17TH ST NW / STATE ST NW ;TARGET","0690","2399",,"1","Day","Sat",,"LARCENY-NON VEHICLE","Atlantic Station","E","-84.398700000000005","33.79119",1230392700
"1161418","090071513","01/07/2009","12/23/2008","12:00:00","12/29/2008","18:00:00","505",,,"708 MYRTLE ST NE","0660","2317",,"1","Unk","Unk",,"LARCENY-NON VEHICLE","Midtown","E","-84.380449999999996","33.77402",1230051600
"1161425","090071661","01/07/2009","12/31/2008","06:00:00","01/04/2009","00:01:00","408",,,"1546 ALMA ST SW","0650","2304",,"1","Unk","Unk","20","LARCENY-FROM VEHICLE","Venetian Hills","S","-84.439260000000004","33.713419999999999",1230721200
"1161482","090080644","01/08/2009","12/22/2008","10:40:00","01/08/2009","09:45:00","113",,,"1192 WEDGEWOOD ST","0511","2202",,"1","Unk","Unk","20","BURGLARY-RESIDENCE","Carey Park","G","-84.476079999999996","33.787669999999999",1229960400
"1161493","090080851","01/09/2009","12/06/2008","07:56:00","01/08/2009","08:44:00","105",,,"938 JOSEPH BOONE","0690","2399",,"1","Unk","Unk",,"LARCENY-NON VEHICLE","Washington Park","K","-84.418289999999999","33.763269999999999",1228568160
"1161494","090080858","01/08/2009","12/05/2008","12:00:00","01/05/2009","12:00:00","607",,,"1061 MERCER ST SE","0670","2308","50","1","Unk","Unk","20","LARCENY-NON VEHICLE","Ormewood Park","W","-84.352900000000005","33.734769999999997",1228496400
"1161496","090080877","01/08/2009","06/01/2008","08:00:00","01/08/2009","11:30:00","103",,,"359 OLIVER ST NW","0511","2202",,"1","Unk","Unk","20","BURGLARY-RESIDENCE","English Avenue","L","-84.415369999999996","33.76435",1212321600
"1161498","090080919","01/08/2009","01/06/2008","01:00:00","01/06/2008","01:10:00","407",,,"MARTIN LUTHER KING JR DR AND BAKERS FERRY RD","0317","1299G","10","1","Morn","Sun","23","ROBBERY-PEDESTRIAN","Adamsville","H","-84.504869999999997","33.759030000000003",1199599200
"1161501","090080973","01/08/2009","12/23/2008","13:30:00","12/23/2008","14:00:00","103",,,"895 JOSEPH E BOONE BLVD NW","0690","2399",,,"Day","Tue",,"LARCENY-NON VEHICLE","English Avenue","L","-84.41686","33.763689999999997",1230057000
"1161508","090081088","01/09/2009","08/13/2008","12:00:00","08/13/2008","18:00:00","312",,,"3134 WATERS RD SW","0690","2399",,"1","Eve","Wed",,"LARCENY-NON VEHICLE","Glenrose Heights","Z","-84.3964","33.668660000000003",1218643200
"1161515","090081151","01/08/2009","10/25/2008","22:52:00","10/27/2008","17:00:00","310",,,"2559 JONESBORO RD SE","0650","2304",,"1","Unk","Unk","99","LARCENY-FROM VEHICLE","Browns Mill Park","Z","-84.366029999999995","33.683770000000003",1224989520
"1161538","090081582","01/08/2009","12/30/2008","00:00:00","12/31/2008","01:00:00","105",,,"239 W LAKE AVE NW","0690","2399",,"1","Unk","Tue","35","LARCENY-NON VEHICLE","West Lake","J","-84.442030000000003","33.760770000000001",1230613200
"1161544","090081778","01/08/2009","11/01/2008","15:00:00","01/08/2009","18:20:00","305","APT","3803","178 MOURY AVE SW","0690","2399",,"1","Unk","Unk","26","LARCENY-NON VEHICLE","The Villages at Carver","Y","-84.390789999999996","33.713470000000001",1225566000
"1161588","090090332","01/09/2009","12/23/2008","08:30:00","01/07/2009","07:30:00","305",,,"1027 HIGH POINT CV SW","0670","2308",,"1","Unk","Unk",,"LARCENY-NON VEHICLE","High Point","Y","-84.394710000000003","33.718229999999998",1230039000
"1161589","090090340","01/09/2009","01/08/2008","22:30:00","01/09/2009","06:00:00","406",,,"3089 VALLEYDALE DR SW","0640","2305",,"1","Unk","Unk","20","LARCENY-FROM VEHICLE","Magnum Manor","I","-84.489289999999997","33.726799999999997",1199849400
"1161595","090090530","01/09/2009","12/26/2008","12:00:00","01/09/2009","09:00:00","111",,,"3362 DELMAR LN NW","0511","2202",,"1","Unk","Unk","20","BURGLARY-RESIDENCE","Adamsville","H","-84.497860000000003","33.756399999999999",1230310800
"1161602","090090714","01/09/2009","12/31/2008","19:30:00","12/31/2008","20:00:00","512",,,"265 PEACHTREE CENTER AVE","0670","2308",,"1","Eve","Wed","14","LARCENY-NON VEHICLE","Downtown","M","-84.39761","33.749070000000003",1230769800
"1161609","090090794","01/09/2009","11/01/2008","12:00:00","01/09/2009","11:30:00","301",,,"1423 METROPOLITAN PKWY SW","0511","2202",,"1","Unk","Unk","20","BURGLARY-RESIDENCE","Capitol View","X","-84.408199999999994","33.715949999999999",1225555200
"1161610","090090807","01/09/2009","01/07/2008","08:00:00","01/09/2009","08:00:00","301",,,"837 DILL AVE SW","0670","2308",,"1","Unk","Unk",,"LARCENY-NON VEHICLE","Capitol View","X","-84.415400000000005","33.718530000000001",1199710800
"1161626","090091035","01/09/2009","12/30/2008","20:00:00","01/02/2009","13:00:00","604",,,"626 IRWIN ST NE","0511","2202",,"1","Unk","Unk","26","BURGLARY-RESIDENCE","Old Fourth Ward","M","-84.366799999999998","33.757820000000002",1230685200
"1161630","090091090","01/09/2009","10/18/2008","01:00:00","10/19/2008","08:00:00","211",,,"PIEDMONT RD. @ LAKESHORE DR.","0640","2305",,"1","Unk","Sat","18","LARCENY-FROM VEHICLE",,"F","-84.366630000000001","33.815899999999999",1224306000
"1161634","090091148","01/09/2009","02/01/2008","00:01:00","01/09/2009","14:00:00","301",,,"550 SHANNON DR SW","0690","2399",,"1","Unk","Unk","20","LARCENY-NON VEHICLE","Capitol View Manor","X","-84.405779999999993","33.71669",1201842060
"1161644","090091451","01/09/2009","12/21/2008","07:00:00","01/09/2009","17:00:00","209",,,"3994 EMMA LN NE","0690","2399","I","1","Unk","Unk","20","LARCENY-NON VEHICLE","North Buckhead","B","-84.376059999999995","33.864330000000002",1229860800
"1161756","090100987","01/10/2009","09/30/2008","12:00:00","01/04/2009","12:00:00","507",,,"419 WHITEHALL ST SW;","0650","2304",,"1","Unk","Unk","99","LARCENY-FROM VEHICLE","Castleberry Hill","M","-84.401929999999993","33.745040000000003",1222790400
"1161765","090101176","01/10/2009","12/19/2008","00:00:00","01/10/2009","15:30:00","402",,,"1124 LAWTON PL SW","0511","2202",,"1","Unk","Unk","20","BURGLARY-RESIDENCE","West End","T","-84.424610000000001","33.736550000000001",1229662800
"1161835","090110497","01/11/2009","12/15/2008","12:00:00","01/11/2009","08:46:00","101","2000","2013","369 MCDANIEL ST SW","0511","2202",,"1","Unk","Unk","26","BURGLARY-RESIDENCE","The Villages at Castleberry H","T","-84.405230000000003","33.745049999999999",1229360400
"1161858","090110851","01/11/2009","08/15/2008","12:00:00","01/11/2009","13:39:00","303",,,"762 COOPER ST SW","0511","2202",,"1","Unk","Unk","20","BURGLARY-RESIDENCE","Mechanicsville","V","-84.396900000000002","33.734110000000001",1218816000
"1161859","090110854","01/11/2009","01/09/2008","23:00:00","01/10/2009","09:30:00","607",,,"1081 GILBERT ST SE","0640","2305","50","1","Unk","Unk","20","LARCENY-FROM VEHICLE","Woodland Hills","W","-84.350949999999997","33.724200000000003",1199937600
"1161879","090111160","01/11/2009","12/20/2008","00:00:00","01/11/2009","17:10:00","304",,,"721 MARTIN ST SE","0511","2202",,"1","Unk","Unk","20","BURGLARY-RESIDENCE","Summerhill","V","-84.384360000000001","33.734929999999999",1229749200
"1161881","090111167","01/11/2009","12/25/2008","12:00:00","01/11/2009","12:00:00","403",,,"1391 KENILWORTH DR SW","0511","2202",,"1","Unk","Unk","20","BURGLARY-RESIDENCE","Venetian Hills","S","-84.434439999999995","33.717039999999997",1230224400
"1161931","090120484","01/12/2009","01/10/2008","19:00:00","01/12/2009","09:00:00","410",,"H-8","1935 ALISON CT SW","0710","2404A",,"1","Unk","Unk","26","AUTO THEFT","Fort Valley","R","-84.451490000000007","33.70055",1200009600
"1161934","090120585","01/12/2009","12/31/2008","05:00:00","01/01/2009","11:00:00","509",,,"215 PEACHTREE ST.","0670","2308",,"1","Unk","Wed","11","LARCENY-NON VEHICLE","Downtown","M","-84.387150000000005","33.759920000000001",1230717600
"1161936","090120600","01/12/2009","08/01/2008","12:00:00","12/17/2008","19:00:00","201",,,"3160 HOWELL MILL RD","0670","2308",,"1","Unk","Unk","26","LARCENY-NON VEHICLE",,"C","-84.428550000000001","33.84055",1217606400
"1161952","090120771","01/12/2009","06/01/2008","08:00:00","06/30/2008","08:00:00","612",,,"447 PASLEY AVE SE","0650","2304","50","1","Unk","Unk","20","LARCENY-FROM VEHICLE","East Atlanta","W","-84.337320000000005","33.741630000000001",1212321600
"1161954","090120802","01/12/2009","11/05/2008","12:00:00","11/20/2008","12:00:00","509",,,"221 PEACHTREE ST NE","0710","2404","20","1","Unk","Unk","18","AUTO THEFT","Downtown","M","-84.387460000000004","33.760170000000002",1225904400
"1161959","090120944","01/12/2009","12/01/2008","00:01:00","01/12/2009","13:30:00","104",,,"1517 WESTVIEW DR","0512","2203",,"1","Unk","Unk","20","BURGLARY-NONRES","Mozley Park","K","-84.437179999999998","33.747680000000003",1228107660
"1161965","090121031","01/12/2009","12/14/2008","08:00:00","12/22/2008","18:00:00","206",,"4","110 E ANDREWS DR NW","0690","2399",,"2","Unk","Unk","24","LARCENY-NON VEHICLE","South Tuxedo Park","B","-84.382909999999995","33.843229999999998",1229259600
"1161984","090121413","01/12/2009","01/12/2008","16:00:00","01/12/2009","16:30:00","604",,,"379 IRWIN ST NE","0511","2202",,"1","Unk","Unk","20","BURGLARY-RESIDENCE","Sweet Auburn","M","-84.375129999999999","33.757480000000001",1200171600
"1161992","090121597","01/12/2009","12/27/2008","00:50:00","12/31/2008","12:00:00","201",,"335","2788 DEFOORS FERRY RD NW","0640","2305",,"1","Unk","Unk","18","LARCENY-FROM VEHICLE",,"C","-84.447130000000001","33.82114",1230357000
"1161999","090121754","01/12/2009","12/23/2008","12:00:00","01/12/2009","19:30:00","112",,,"3049 COLLIER DR","0511","2202",,"1","Unk","Unk","20","BURGLARY-RESIDENCE","Collier Heights","I","-84.486469999999997","33.764180000000003",1230051600
"1162021","090122077","01/12/2009","01/12/2008","22:30:00","01/12/2008","23:00:00","108",,,"2429 MARTIN L KING","0690","2399",,"1","Eve","Sat","9","LARCENY-NON VEHICLE","Florida Heights","I","-84.46669","33.752459999999999",1200195000
"1162050","090130508","01/13/2009","06/06/2008","08:00:00","10/12/2008","12:00:00","602",,,"446 SEMINOLE AVE NE","0690","2399",,"1","Unk","Unk",,"LARCENY-NON VEHICLE","Inman Park","N","-84.349819999999994","33.766309999999997",1212753600
"1162064","090130752","01/13/2009","11/22/2008","20:30:00","11/22/2008","21:00:00","603",,,"303 BOULEVARD NE","0670","2308",,"1","Eve","Sat",,"LARCENY-NON VEHICLE","Old Fourth Ward","M","-84.371880000000004","33.762529999999998",1227403800
"1162074","090130847","01/13/2009","12/01/2008","12:00:00","01/13/2009","12:00:00","407","APT","J-12","320 FAIRBURN RD SW","0521","2204",,"1","Unk","Unk","26","BURGLARY-RESIDENCE","Fairburn Mays","H","-84.508579999999995","33.745100000000001",1228150800
"1162075","090130850","01/13/2009","11/23/2008","12:00:00","01/12/2009","12:00:00","301",,,"925 TIFT AVE SW","0511","2202",,"1","Unk","Unk","20","BURGLARY-RESIDENCE","Adair Park","V","-84.410669999999996","33.729660000000003",1227459600
"1162079","090130973","01/13/2009","01/08/2008","00:05:00","01/08/2008","01:30:00","509",,,"35 LINDEN AVE NE","0690","2399",,"1","Morn","Tue",,"LARCENY-NON VEHICLE","Downtown","M","-84.386489999999995","33.769410000000001",1199768700
"1162094","090131247","01/13/2009","12/23/2008","17:30:00","01/13/2009","16:00:00","109",,,"854 REGINA","0650","2304",,"1","Unk","Unk","10","LARCENY-FROM VEHICLE","Center Hill","J","-84.472719999999995","33.778930000000003",1230071400
"1162097","090131340","01/13/2009","12/23/2008","17:00:00","01/09/2009","15:00:00","503",,,"950 W PEACHTREE ST NW","0650","2304",,"1","Unk","Unk","20","LARCENY-FROM VEHICLE","Midtown","E","-84.387519999999995","33.780500000000004",1230069600
"1162112","090131683","01/13/2009","12/30/2008","08:00:00","01/13/2009","17:00:00","310",,,"2151 JERNIGAN DR SE","0650","2304",,"1","Unk","Unk",,"LARCENY-FROM VEHICLE","Lakewood","Z","-84.372640000000004","33.695500000000003",1230642000
"1162118","090131768","01/13/2009","12/24/2008","12:00:00","01/13/2009","19:00:00","410",,,"1980 CAMPBELLTON RD SW","0511","2202","20","1","Unk","Unk",,"BURGLARY-RESIDENCE","Campbellton Road","R","-84.453720000000004","33.707689999999999",1230138000
"1162163","090140495","01/14/2009","12/05/2008","12:00:00","01/10/2009","14:00:00","409",,,"1681 DELOWE DR SW","0690","2399",,"1","Unk","Unk",,"LARCENY-NON VEHICLE","Adams Park","R","-84.460080000000005","33.709180000000003",1228496400
"1162167","090140569","01/14/2009","01/09/2008","03:00:00","01/09/2008","09:00:00","501",,,"387 18TH ST NW","0640","2305",,"1","Morn","Wed","18","LARCENY-FROM VEHICLE","Atlantic Station","E","-84.399910000000006","33.792149999999999",1199865600
"1162171","090140638","01/14/2009","10/10/2008","11:00:00","01/13/2009","17:00:00","109",,,"2368 CROSS ST NW","0690","2399",,"1","Unk","Unk","20","LARCENY-NON VEHICLE","Center Hill","J","-84.464489999999998","33.773000000000003",1223650800
"1162172","090140667","01/14/2009","01/13/2008","23:00:00","01/14/2008","10:00:00","304",,,"121 FULTON WAY SE","0640","2305",,"1","Morn","Mon",,"LARCENY-FROM VEHICLE","Summerhill","V","-84.383399999999995","33.741370000000003",1200283200
"1162193","090141021","01/14/2009","01/14/2008","13:40:00","01/14/2008","13:45:00","605",,,"940 HILL ST SE","0511","2202",,"1","Day","Mon",,"BURGLARY-RESIDENCE","Grant Park","W","-84.378249999999994","33.728810000000003",1200336000
"1162197","090141147","01/14/2009","12/15/2008","12:00:00","01/14/2009","12:00:00","310",,,"2431 SWALLOW CIR SE","0670","2308",,"1","Unk","Unk","20","LARCENY-NON VEHICLE","Swallow Circle/Baywood","Z","-84.385900000000007","33.695659999999997",1229360400
"1162250","090148069","01/14/2009","12/15/2008","15:00:00","01/14/2009","21:54:00","050",,,"PRECINCT @6000 N TERMINAL PKWY","0670","2308",,"1","Unk","Unk",,"LARCENY-NON VEHICLE",,,"-84.447699999999998","33.641840000000002",1229371200
"1162289","090150968","01/15/2009","12/29/2008","06:00:00","01/15/2009","06:00:00","605",,,"470 ROBINSON AVE. S.E.","0511","2202",,"1","Unk","Unk","20","BURGLARY-RESIDENCE","Grant Park","W","-84.372010000000003","33.728619999999999",1230548400
"1162295","090151031","01/15/2009","01/14/2008","22:00:00","01/14/2008","23:00:00","301",,,"669 ERIN AVE SW","0720","2424A",,"1","Eve","Mon","20","AUTO THEFT","Capitol View","X","-84.409580000000005","33.719740000000002",1200366000
"1162386","090160672","01/16/2009","12/22/2008","18:00:00","01/15/2009","18:00:00","604",,"26","25 BRADLEY ST SE","0511","2202",,"1","Unk","Unk","26","BURGLARY-RESIDENCE","Old Fourth Ward","M","-84.368939999999995","33.753509999999999",1229986800
"1162388","090160765","01/16/2009","12/19/2008","07:15:00","12/19/2008","07:30:00","210",,,"3393 PEACHTREE RD","0640","2305",,"1","Day","Fri",,"LARCENY-FROM VEHICLE","Lenox","B","-84.362120000000004","33.846760000000003",1229688900
"1162414","090161083","01/16/2009","01/13/2008","15:00:00","01/16/2009","15:30:00","114",,"J13","3804 MARTIN LUTHER KING JR DRV","0670","2308",,"1","Unk","Unk","20","LARCENY-NON VEHICLE","Old Gordon","H","-84.513220000000004","33.767969999999998",1200254400
"1162417","090161150","01/16/2009","12/31/2008","08:00:00","01/05/2009","15:00:00","105",,,"1228 JOSEPH E BOONE","0511","2202","10","1","Unk","Unk","26","BURGLARY-RESIDENCE","Hunter Hills","K","-84.427840000000003","33.76343",1230728400
"1162424","090161367","01/16/2009","01/09/2008","00:50:00","01/16/2009","17:35:00","110",,"H-3","1033 HOLLYWOOD RD NW","0511","2202",,"1","Unk","Unk","26","BURGLARY-RESIDENCE","Almond Park","G","-84.458820000000003","33.783079999999998",1199857800
"1162433","090161672","01/16/2009","12/01/2008","12:00:00","01/16/2009","19:00:00","109",,,"613 CHURCH ST NW","0690","2399",,"1","Unk","Unk","20","LARCENY-NON VEHICLE","Center Hill","J","-84.466610000000003","33.77176",1228150800
"1162480","090170677","01/17/2009","12/30/2008","12:00:00","01/16/2009","15:00:00","106",,,"360 JOSEPH E LOWERY BLVD","0511","2202",,"1","Unk","Unk","20","BURGLARY-RESIDENCE","Bankhead","K","-84.417559999999995","33.764510000000001",1230656400
"1162498","090170865","01/17/2009","08/01/2008","15:00:00","01/17/2009","13:19:00","501",,"4067","390 17TH ST NW","0511","2202",,"1","Unk","Unk","20","BURGLARY-RESIDENCE","Atlantic Station","E","-84.400300000000001","33.790199999999999",1217617200
"1162511","090170980","01/17/2009","12/31/2008","18:30:00","01/04/2009","13:00:00","213",,"A-5","1705 MONROE DR NE","0670","2308","50","1","Unk","Unk","26","LARCENY-NON VEHICLE","Piedmont Heights","F","-84.371830000000003","33.801169999999999",1230766200
"1162520","090171071","01/17/2009","12/19/2008","09:00:00","01/17/2009","15:00:00","409",,,"1366 WOODLAND TER SW","0640","2305",,"1","Unk","Unk","20","LARCENY-FROM VEHICLE","Cascade Heights","I","-84.473410000000001","33.718299999999999",1229695200
"1162549","090171771","01/18/2009","01/17/2008","10:00:00","01/17/2008","13:00:00","110","200","2107","1785OHNSON AVE","0640","2305",,"1","Day","Thu",,"LARCENY-FROM VEHICLE","Rockdale","G","-84.445390000000003","33.785409999999999",1200582000
"1162589","090180489","01/18/2009","01/17/2008","16:00:00","01/18/2009","08:00:00","204",,"4","2206 BOLTON DR NW","0710","2404","50","1","Unk","Unk",,"AUTO THEFT","Bolton","D","-84.442359999999994","33.816139999999997",1200603600
"1162705","090190557","01/19/2009","12/01/2008","12:00:00","01/19/2009","10:00:00","604","D","17","25 BRADLEY ST SE","0511","2202",,"1","Unk","Unk","26","BURGLARY-RESIDENCE","Old Fourth Ward","M","-84.368939999999995","33.753509999999999",1228150800
"1162813","090200714","01/20/2009","11/15/2008","01:20:00","01/20/2009","10:55:00","110",,,"617 ELINOR PL NW","0690","2399",,"1","Unk","Unk",,"LARCENY-NON VEHICLE","Grove Park","J","-84.435890000000001","33.77178",1226730000
"1162815","090200732","01/20/2009","12/15/2008","11:00:00","12/23/2008","15:00:00","602",,"6","1164 ALTA AVE NE","0690","2316","50","2","Unk","Unk",,"LARCENY-NON VEHICLE","Inman Park","N","-84.349969999999999","33.760840000000002",1229356800
"1162819","090200792","01/20/2009","12/20/2008","17:00:00","01/20/2009","08:00:00","305",,,"1605 JONESBORO RD SE","0511","2202",,"1","Unk","Unk",,"BURGLARY-RESIDENCE","Lakewood Heights","Y","-84.381159999999994","33.708329999999997",1229810400
"1162823","090200831","01/20/2009","01/16/2008","14:00:00","01/20/2009","05:30:00","208",,,"3180 PEACHTREE RD NE","0512","2203","50","2","Unk","Unk","4","BURGLARY-NONRES","Buckhead Forest","B","-84.375900000000001","33.841830000000002",1200510000
"1162880","090201826","01/20/2009","12/25/2008","20:00:00","12/25/2008","21:30:00","114","APT","12-F","3804 MARTIN L KING JR DR SW","0210","1103",,"1","Eve","Thu",,"RAPE","Old Gordon","H","-84.513220000000004","33.767969999999998",1230253200
"1162884","090208026","01/20/2009","12/15/2008","08:00:00","01/14/2009","08:00:00","050",,,"PRECINCT @6000 N TERMINAL PKWY","0670","2308",,"1","Unk","Unk",,"LARCENY-NON VEHICLE",,,"-84.447699999999998","33.641840000000002",1229346000
"1162931","090210885","01/21/2009","10/21/2008","07:00:00","01/21/2009","13:00:00","603",,,"111 BOULEVARD SE","0670","2308",,"1","Unk","Unk",,"LARCENY-NON VEHICLE","Old Fourth Ward","M","-84.380229999999997","33.770670000000003",1224586800
"1163036","090220882","01/22/2009","10/01/2008","00:01:00","01/22/2009","12:18:00","407",,,"108 FAIRBURN RD SW","0670","2308",,"1","Unk","Unk","20","LARCENY-NON VEHICLE","Adamsville","H","-84.505260000000007","33.754040000000003",1222833660
"1163042","090221010","01/22/2009","12/19/2008","14:00:00","01/22/2009","13:30:00","410",,"218","1852 HONEY SUCKLE LN. SW","0720","2424",,"1","Unk","Unk","18","AUTO THEFT","Campbellton Road","R","-84.453590000000005","33.706659999999999",1229713200
"1163062","090221359","01/23/2009","12/23/2008","09:45:00","12/24/2008","12:30:00","208","100",,"3500 LENOX RD.","0670","2308","50","1","Unk","Tue","21","LARCENY-NON VEHICLE","North Buckhead","B","-84.362499999999997","33.850879999999997",1230043500
"1163143","090230844","01/23/2009","01/05/2008","08:00:00","01/15/2008","08:00:00","206",,,"102 W PACES FERRY RD NW","0690","2399",,"1","Unk","Unk","6","LARCENY-NON VEHICLE","Peachtree Heights West","B","-84.383600000000001","33.840150000000001",1199538000
"1163151","090230938","01/23/2009","10/14/2008","12:00:00","01/22/2009","12:00:00","510",,,"134 JOHN WESLEY DOBBS AVE NE","0512","2203",,"1","Unk","Unk","19","BURGLARY-NONRES","Downtown","M","-84.383160000000004","33.757460000000002",1224000000
"1163174","090231213","01/23/2009","10/21/2008","10:00:00","12/10/2008","11:00:00","502",,"3410","1280 W PEACHTREE ST NW","0670","2308",,"1","Unk","Unk",,"LARCENY-NON VEHICLE","Midtown","E","-84.388120000000001","33.789709999999999",1224597600
"1163178","090231258","01/23/2009","12/29/2008","16:00:00","01/20/2009","16:00:00","210",,"266","3088 LENOX RD NE","0690","2399",,"1","Unk","Unk",,"LARCENY-NON VEHICLE","Pine Hills","B","-84.35821","33.839939999999999",1230584400
"1163189","090231475","01/23/2009","12/22/2008","12:00:00","01/10/2009","12:00:00","502",,"5305","1660 PEACHTREE ST NW","0670","2308","20","1","Unk","Unk","20","LARCENY-NON VEHICLE","Midtown","E","-84.391639999999995","33.798740000000002",1229965200
"1163192","090231506","01/23/2009","12/15/2008","13:10:00","01/13/2009","10:30:00","213",,,"1402 N HIGHLAND AVE NE;","0670","2308","20","1","Unk","Unk","24","LARCENY-NON VEHICLE","Morningside/Lenox Park","F","-84.35257","33.792819999999999",1229364600
"1163338","090250251","01/25/2009","01/24/2008","21:30:00","01/25/2009","02:33:00","504",,,"MARIETTA ST NW / NORTHSIDE DR NW","0640","2305",,"2","Unk","Unk","13","LARCENY-FROM VEHICLE","Marietta Street Artery","E","-84.406989999999993","33.775849999999998",1201228200
"1163455","090260502","01/26/2009","01/23/2008","08:00:00","01/25/2008","21:00:00","113",,"423","1037 WALDEN ST.","0690","2399",,"1","Unk","Unk","20","LARCENY-NON VEHICLE","Brookview Heights","G","-84.478679999999997","33.783070000000002",1201093200
"1163484","090260904","01/26/2009","01/16/2008","11:30:00","01/16/2008","12:00:00","202",,,"1075 REGENCY ROAD","0670","2308",,"1","Day","Wed",,"LARCENY-NON VEHICLE","Randall Mill","A","-84.422470000000004","33.85604",1200501000
"1163595","090270470","01/27/2009","09/25/2008","12:00:00","01/26/2009","12:00:00","305",,,"323 NOLAND ST SE","0670","2308","10","1","Unk","Unk","20","LARCENY-NON VEHICLE","Chosewood Park","Y","-84.377600000000001","33.718800000000002",1222358400
"1163604","090270569","01/27/2009","12/19/2008","17:00:00","01/23/2009","12:00:00","114",,,"3399 COLLIER DR NW @HARPER-ARCHER HIGH","0670","2308",,"1","Unk","Unk","35","LARCENY-NON VEHICLE","Fairburn Heights","H","-84.498710000000003","33.769309999999997",1229724000
"1163727","090280654","01/28/2009","12/07/2008","12:00:00","12/09/2008","12:00:00","505",,"1611","855 W PEACHTREE ST NE","0650","2304",,"1","Unk","Unk","18","LARCENY-FROM VEHICLE","Midtown","E","-84.387180000000001","33.777729999999998",1228669200
"1163747","090281004","02/27/2009","12/27/2008","23:15:00","12/27/2008","23:15:00","102",,"504","3 JOSEPH E LOWERY BLVD NW","0440","1399","50","1","Morn","Sat","13","AGG ASSAULT","Atlanta University Center","T","-84.417550000000006","33.754719999999999",1230437700
"1163755","090281098","01/28/2009","12/23/2008","12:00:00","01/28/2009","14:00:00","401",,,"479 HOLDERNESS ST SW","0511","2202",,"1","Unk","Unk","26","BURGLARY-RESIDENCE","West End","T","-84.427409999999995","33.741999999999997",1230051600
"1163764","090281330","01/28/2009","12/23/2008","12:00:00","01/28/2009","14:00:00","401",,,"483 HOLDERNESS ST SW","0511","2202",,"1","Unk","Unk","26","BURGLARY-RESIDENCE","West End","T","-84.427459999999996","33.74183",1230051600
"1163837","090290937","01/29/2009","12/09/2008","10:00:00","12/09/2008","10:00:00","306",,,"833 BLOSSOM ST SW","0511","2202",,"0","Day","Tue",,"BURGLARY-RESIDENCE","Sylvan Hills","X","-84.415940000000006","33.711829999999999",1228834800
"1163862","090291379","01/29/2009","12/20/2008","17:00:00","01/29/2009","16:15:00","607",,,"921 BERNE ST SE","0710","2404A","50","1","Unk","Unk","13","AUTO THEFT","Ormewood Park","W","-84.357339999999994","33.736289999999997",1229810400
"1163928","090300576","01/30/2009","12/31/2008","14:00:00","01/30/2009","08:15:00","104",,,"1182 FOUNTAIN DR SW","0690","2399",,"1","Unk","Unk","20","LARCENY-NON VEHICLE","Just Us","T","-84.425749999999994","33.752360000000003",1230750000
"1163986","090301598","01/31/2009","12/14/2008","00:01:00","12/14/2008","02:00:00","301",,,"821 ERIN AVE SW","0670","2308",,"2","Morn","Sun",,"LARCENY-NON VEHICLE","Capitol View","X","-84.414860000000004","33.719470000000001",1229230860
"1164065","090311043","01/31/2009","07/10/2008","10:00:00","01/30/2009","16:00:00","313",,,"3724 FORREST PARK RD SE","0650","2304",,"1","Unk","Unk","18","LARCENY-FROM VEHICLE","South River Gardens","Z","-84.356359999999995","33.653500000000001",1215698400
"1164179","090320984","02/01/2009","11/12/2008","17:00:00","02/01/2009","16:00:00","504",,,"271 PINE ST NW","0650","2304",,"1","Unk","Unk","18","LARCENY-FROM VEHICLE","Downtown","M","-84.396249999999995","33.767899999999997",1226527200
"1164259","090330856","02/02/2009","12/08/2008","09:22:00","01/31/2009","18:00:00","610",,,"73 WARREN ST SE","0690","2310","50","1","Unk","Unk","20","LARCENY-NON VEHICLE","Kirkwood","O","-84.326539999999994","33.751260000000002",1228746120
"1164341","090340581","02/03/2009","09/01/2008","00:00:00","02/03/2009","09:30:00","114",,,"3596 BOLFAIR DR.","0670","2308",,"1","Unk","Unk","20","LARCENY-NON VEHICLE","Carroll Heights","H","-84.505160000000004","33.777180000000001",1220241600
"1164346","090340662","02/03/2009","12/26/2008","09:00:00","02/01/2009","09:00:00","104",,,"968 FAIR STREET SW","0690","2399",,"1","Unk","Unk","20","LARCENY-NON VEHICLE","Ashview Heights","T","-84.419359999999998","33.748869999999997",1230300000
"1164353","090340847","02/03/2009","12/23/2008","13:57:00","12/24/2008","07:00:00","213",,,"1024 EAST ROCK SPRINGS RD NE","0690","2399","50",,"Unk","Tue",,"LARCENY-NON VEHICLE","Morningside/Lenox Park","F","-84.353710000000007","33.797690000000003",1230058620
"1164394","090341686","02/03/2009","10/01/2008","12:00:00","01/16/2009","12:00:00","601",,,"1076 BELLEVUE DR NE","0670","2308","50","1","Unk","Unk","20","LARCENY-NON VEHICLE","Virginia Highland","F","-84.351929999999996","33.786700000000003",1222876800
"1164468","090351057","02/04/2009","12/22/2008","08:00:00","12/22/2008","20:00:00","201",,,"958 NAWENCH DR NW","0670","2308",,"1","Day","Mon","20","LARCENY-NON VEHICLE","Brandon","C","-84.418559999999999","33.831980000000001",1229950800
"1164484","090351383","02/05/2009","12/26/2008","12:00:00","02/04/2009","16:15:00","209",,"L2","4266 ROSWELL RD NE","0670","2308",,"1","Unk","Unk","20","LARCENY-NON VEHICLE","East Chastain Park","B","-84.381159999999994","33.871499999999997",1230310800
"1164489","090351497","02/04/2009","12/13/2008","12:00:00","02/04/2009","17:00:00","603",,"14","707 ANGIER AVE NE","0511","2202",,"1","Unk","Unk","20","BURGLARY-RESIDENCE","Old Fourth Ward","M","-84.363889999999998","33.767009999999999",1229187600
"1164575","090361372","02/05/2009","12/29/2008","12:00:00","02/05/2009","14:45:00","606",,"B","170 BOULEVARD SE","0690","2399","20","1","Unk","Unk",,"LARCENY-NON VEHICLE","Grant Park","N","-84.368870000000001","33.748649999999998",1230570000
"1164700","090371574","02/06/2009","01/27/2008","12:00:00","01/30/2008","18:00:00","603",,"7109","PONCE DE LEON AVE / HUNT ST","0640","2305",,"1","Unk","Unk","99","LARCENY-FROM VEHICLE","Old Fourth Ward","M","-84.378550000000004","33.765549999999998",1201453200
"1164705","090371812","02/06/2009","12/01/2008","21:00:00","02/06/2009","18:29:00","605",,,"252 LITTLE ST SE","0511","2202",,"1","Unk","Unk","20","BURGLARY-RESIDENCE","Grant Park","W","-84.379519999999999","33.733319999999999",1228183200
"1164748","090380602","02/07/2009","10/01/2008","00:00:00","02/07/2009","09:00:00","403",,,"1142 ARLINGTON AVE SW","0521","2204",,"1","Unk","Unk","20","BURGLARY-RESIDENCE","Oakland City","S","-84.425479999999993","33.724730000000001",1222833600
"1164749","090380608","02/07/2009","09/01/2008","00:01:00","02/07/2009","09:30:00","307",,,"1885 JONESBORO RD SE;","0690","2399",,"1","Unk","Unk","18","LARCENY-NON VEHICLE","Lakewood Heights","Y","-84.377009999999999","33.703200000000002",1220241660
"1164761","090380778","02/07/2009","11/30/2008","08:00:00","02/07/2009","11:35:00","302",,,"810 HUMPHRIES ST SW","0511","2202",,"1","Unk","Unk","20","BURGLARY-RESIDENCE","Pittsburgh","V","-84.40531","33.732860000000002",1228050000
"1164842","090390696","02/08/2009","02/07/2008","02:00:00","02/07/2008","03:00:00","302",,,"1163 WEST AVE SW","0311","1204","10","1","Morn","Thu","13","ROBBERY-PEDESTRIAN","Pittsburgh","V","-84.395970000000005","33.723179999999999",1202367600
"1164947","090400981","02/09/2009","01/31/2008","17:00:00","02/09/2009","13:00:00","604",,,"433  HIGHLAND AVE NE","0710","2404",,"1","Unk","Unk","18","AUTO THEFT","Old Fourth Ward","M","-84.374279999999999","33.761389999999999",1201816800
"1164950","090401010","02/09/2009","04/06/2008","14:00:00","02/09/2009","13:50:00","103",,,"840 FOX ST NW","0511","2202",,"2","Unk","Unk","20","BURGLARY-RESIDENCE","English Avenue","L","-84.414879999999997","33.772010000000002",1207504800
"1165290","090432002","02/12/2009","11/01/2008","12:00:00","02/12/2009","20:00:00","301",,,"1445 ATHENS AVE SW","0511","2202",,"1","Unk","Unk","20","BURGLARY-RESIDENCE","Capitol View","X","-84.40916","33.715429999999998",1225555200
"1165530","090461170","02/15/2009","12/25/2008","12:00:00","02/15/2009","17:56:00","104",,,"989 ASHBY GRV SW","0521","2204","50","1","Unk","Unk","20","BURGLARY-RESIDENCE","Ashview Heights","T","-84.419989999999999","33.75009",1230224400
"1165545","090461436","02/15/2009","02/13/2008","08:00:00","02/15/2009","21:00:00","507",,,"426 MARIETTA ST NW","0650","2304",,"1","Unk","Unk","18","LARCENY-FROM VEHICLE","Downtown","M","-84.397599999999997","33.764620000000001",1202907600
"1165579","090470571","02/16/2009","12/09/2008","15:00:00","01/29/2009","10:00:00","502","STE","1800","1230 PEACHTREE ST NE","0670","2308",,"1","Unk","Unk",,"LARCENY-NON VEHICLE","Midtown","E","-84.383809999999997","33.788080000000001",1228852800
"1165672","090480818","02/18/2009","12/19/2008","14:00:00","01/30/2009","14:00:00","206",,"1606","250 PHARR RD NE","0511","2202",,"1","Unk","Unk","20","BURGLARY-RESIDENCE","Buckhead Village","B","-84.379230000000007","33.837150000000001",1229713200
"1165690","090481081","02/18/2009","11/17/2008","15:45:00","11/17/2008","16:00:00","411",,,"2041 GREENBRIAR PKWY","0640","2305",,"1","Eve","Mon","18","LARCENY-FROM VEHICLE","Greenbriar","R","-84.497730000000004","33.686770000000003",1226954700
"1165867","090500851","02/19/2009","11/01/2008","08:00:00","02/18/2009","08:00:00","609",,,"139 DAHLGREN ST SE","0690","2399","50","1","Unk","Unk",,"LARCENY-NON VEHICLE","Edgewood","O","-84.345640000000003","33.749499999999998",1225540800
"1165885","090501195","02/19/2009","12/02/2008","11:00:00","02/19/2009","14:27:00","311",,,"2845 FORREST HILLS DR SW","0720","2424",,"1","Unk","Unk","20","AUTO THEFT","Hammond Park","X","-84.399410000000003","33.677169999999997",1228233600
"1165902","090501536","02/19/2009","08/04/2008","08:00:00","02/18/2009","08:00:00","105",,,"1448 EASON ST NW","0650","2304",,"1","Unk","Unk","20","LARCENY-FROM VEHICLE","Hunter Hills","K","-84.435389999999998","33.757240000000003",1217851200
"1166220","090540563","02/23/2009","11/03/2008","23:00:00","11/16/2008","07:00:00","109",,,"398 Centennial Olympic Park Dr. N.W.","0640","2305",,"1","Unk","Unk","11","LARCENY-FROM VEHICLE","Center Hill","J","-84.460719999999995","33.777250000000002",1225771200
"1166419","090560618","02/25/2009","02/25/2008","13:00:00","02/25/2008","13:00:00","505",,,"600 PEACHTREE ST","0720","2424A",,"1","Day","Mon","18","AUTO THEFT","Midtown","E","-84.384969999999996","33.7727",1203962400
"1166495","090568016","02/25/2009","09/17/2008","11:00:00","09/17/2008","11:00:00","050",,,"1920 AUTOPORT DR @HERTZ CAR RENTAL","0710","2404",,,"Day","Wed",,"AUTO THEFT",,,"-84.452089999999998","33.638649999999998",1221663600
"1166532","090570881","02/26/2009","10/19/2008","00:01:00","11/21/2008","23:59:00","508",,,"225 BAKER ST","0640","2305",,"2","Unk","Unk","18","LARCENY-FROM VEHICLE","Downtown","M","-84.395570000000006","33.761679999999998",1224388860
"1166846","090610388","03/02/2009","04/22/2008","08:00:00","04/23/2008","08:00:00","308",,,"2300 JONESBORO RD SE","0690","2399",,"1","Unk","Tue",,"LARCENY-NON VEHICLE","Leila Valley","Z","-84.364400000000003","33.692259999999997",1208865600
"1166949","090620243","03/03/2009","09/08/2008","12:00:00","03/02/2009","12:00:00","505",,"1010","144 PONCE DE LEON AVE. NE","0670","2308",,"1","Unk","Unk","26","LARCENY-NON VEHICLE","Midtown","E","-84.382490000000004","33.772550000000003",1220889600
"1166982","090620855","03/03/2009","12/23/2008","11:00:00","12/23/2008","16:00:00","103",,,"981 JOSEPH E LOWERY BLVD NW","0670","2308",,"2","Day","Tue","5","LARCENY-NON VEHICLE","English Avenue","L","-84.41704","33.781480000000002",1230048000
"1167000","090621253","03/03/2009","08/15/2008","19:00:00","03/03/2009","16:00:00","210",,,"3400 AROUND LENOX DR NE","0522","2205",,"1","Unk","Unk","24","BURGLARY-NONRES","Lenox","B","-84.364890000000003","33.845779999999998",1218841200
"1167034","090630238","03/04/2009","07/01/2008","06:00:00","12/31/2008","23:00:00","303",,,"557 MCDANIEL ST SW","0690","2399",,"1","Unk","Unk",,"LARCENY-NON VEHICLE","Mechanicsville","V","-84.402590000000004","33.740369999999999",1214906400
"1167263","090651586","03/06/2009","12/01/2008","10:00:00","12/01/2008","22:00:00","305",,,"259 MILTON AVE SE","0710","2404",,"1","Eve","Mon","11","AUTO THEFT","Chosewood Park","Y","-84.380250000000004","33.718739999999997",1228143600
"1167495","090680518","03/09/2009","12/01/2008","12:00:00","03/08/2009","16:00:00","206",,,"196 PEACHTREE WAY NE","0690","2399",,"1","Unk","Unk","20","LARCENY-NON VEHICLE","Peachtree Heights East","B","-84.38091","33.82732",1228150800
"1167658","090691970","03/10/2009","12/05/2008","15:00:00","12/12/2008","19:00:00","112",,,"526 HAMILTON E HOLMES DR NW","0511","2202",,"1","Unk","Unk","20","BURGLARY-RESIDENCE","Collier Heights","I","-84.4726","33.769419999999997",1228507200
"1168179","090750694","03/18/2009","12/05/2008","16:15:00","12/05/2008","16:20:00","211",,,"2539 PIEDMONT RD","0630","2303","20","1","Eve","Fri",,"LARCENY-NON VEHICLE","Lindbergh/Morosgo","B","-84.363280000000003","33.82403",1228511700
"1168203","090751116","03/16/2009","12/15/2008","08:00:00","03/12/2009","12:00:00","203",,,"890 CHATTAHOOCHEE AVE","0522","2205",,"1","Unk","Unk","29","BURGLARY-NONRES","Berkeley Park","D","-84.41695","33.799019999999999",1229346000
"1168389","090770840","03/18/2009","12/20/2008","08:00:00","03/18/2009","12:00:00","207",,"G-22","1387 NORTHSIDE DR NW","0512","2203","50","1","Unk","Unk","99","BURGLARY-NONRES","Loring Heights","E","-84.407740000000004","33.792619999999999",1229778000
"1168599","090790877","03/20/2009","03/20/2008","12:25:00","03/20/2008","12:25:00","310","APT","7E","2637 OLD HAPEVILLE RD SW","0720","2424",,"1","Day","Thu","26","AUTO THEFT","Browns Mill Park","Z","-84.394170000000003","33.682940000000002",1206030300
"1168714","090801097","03/21/2009","12/25/2008","16:00:00","12/25/2008","23:00:00","408",,,"1298 WESTRIDGE RD SW","0670","2308",,"1","Eve","Thu","20","LARCENY-NON VEHICLE","Venetian Hills","S","-84.44659","33.719859999999997",1230238800
"1169166","090841398","03/25/2009","09/11/2008","12:00:00","09/12/2008","12:00:00","401",,,"936 WHITE ST SW","0511","2202",,,"Unk","Fri",,"BURGLARY-RESIDENCE","West End","T","-84.418409999999994","33.732039999999998",1221148800
"1169743","090900734","03/31/2009","10/02/2008","12:00:00","03/30/2009","09:00:00","104",,,"405 LAWTON ST SW","0650","2304","50","1","Unk","Unk","20","LARCENY-FROM VEHICLE","West End","T","-84.423550000000006","33.743980000000001",1222963200
"1170022","090922000","04/02/2009","03/01/2008","00:01:00","04/02/2009","21:00:00","114",,,"3558 COLLIER DR NW","0210","1103","10","1","Unk","Unk","20","RAPE","Fairburn Heights","H","-84.503960000000006","33.76773",1204347660
"1170139","090931930","04/03/2009","09/01/2008","12:00:00","03/24/2009","12:00:00","211",,,"2285 PEACHTREE RD NE","0650","2304",,"1","Unk","Unk","21","LARCENY-FROM VEHICLE",,"E","-84.389539999999997","33.816369999999999",1220284800
"1170379","090960535","04/06/2009","04/03/2008","20:00:00","04/06/2009","08:00:00","503",,,"908 CYPRESS STREET","0710","2404",,"1","Unk","Unk","13","AUTO THEFT","Midtown","E","-84.384060000000005","33.779969999999999",1207267200
"1170469","090970289","04/07/2009","04/06/2008","21:00:00","04/07/2009","05:00:00","113",,"811","1620 HOLLYWOOD RD NW","0511","2202","50","1","Unk","Unk","26","BURGLARY-RESIDENCE","Scotts Crossing","G","-84.470230000000001","33.799880000000002",1207530000
"1170490","090970642","04/07/2009","08/21/2008","00:01:00","08/21/2008","06:00:00","304",,,"167 VANIRA AVE SE","0690","2399",,"1","Morn","Thu","20","LARCENY-NON VEHICLE","Peoplestown","V","-84.382400000000004","33.729120000000002",1219291260
"1171565","091080829","04/18/2009","08/01/2008","23:00:00","04/10/2009","00:50:00","103",,,"407 JAMES P BRAWLEY DR NW","0511","2202","10","1","Unk","Unk","20","BURGLARY-RESIDENCE","English Avenue","L","-84.412400000000005","33.765819999999998",1217646000
"1171608","091082050","04/18/2009","11/28/2008","07:00:00","04/18/2009","22:00:00","405",,,"207 BARFIELD AVE SW","0710","2404",,"1","Unk","Unk","18","AUTO THEFT","Florida Heights","I","-84.462010000000006","33.750129999999999",1227873600
"1171931","091111615","04/21/2009","12/07/2008","08:00:00","03/07/2009","08:00:00","603",,,"646 EAST AVE NE","0690","2399",,"1","Unk","Unk","20","LARCENY-NON VEHICLE","Old Fourth Ward","M","-84.366140000000001","33.763370000000002",1228654800
"1171992","091120972","04/22/2009","12/17/2008","12:00:00","04/22/2009","12:29:00","207",,,"1387 NORTHSIDE DR NW","0512","2203",,"1","Unk","Unk","5","BURGLARY-NONRES","Loring Heights","E","-84.407269999999997","33.792659999999998",1229533200
"1172218","091141166","04/24/2009","04/24/2008","13:00:00","04/24/2009","13:00:00","112",,,"719 ALINE DR NW","0650","2304","50","1","Unk","Unk","18","LARCENY-FROM VEHICLE","Collier Heights","I","-84.488749999999996","33.774979999999999",1209056400
"1172227","091141289","04/24/2009","01/01/2008","00:00:00","10/30/2008","00:00:00","502",,"401","1325 W PEACHTREE ST NE","0690","2399",,"1","Unk","Unk","26","LARCENY-NON VEHICLE","Midtown","E","-84.387659999999997","33.790909999999997",1199163600
"1172595","091180865","04/28/2009","11/01/2008","06:00:00","04/28/2009","06:00:00","312",,,"77 GLENROSE CIRCLE","0640","2305",,"1","Unk","Unk",,"LARCENY-FROM VEHICLE","Glenrose Heights","Z","-84.391199999999998","33.670499999999997",1225533600
"1173577","091270721","05/07/2009","11/01/2008","15:00:00","05/07/2009","09:00:00","604",,,"72 HOWELL STREET","0210","1103","20","1","Unk","Unk","20","RAPE","Old Fourth Ward","M","-84.370180000000005","33.756329999999998",1225566000
"1173753","091281521","05/08/2009","07/01/2008","12:00:00","05/08/2009","16:30:00","306",,,"1010 KATHERWOOD DR SW","0690","2399",,"1","Unk","Unk","20","LARCENY-NON VEHICLE","Sylvan Hills","X","-84.421170000000004","33.710340000000002",1214928000
"1174122","091320775","05/12/2009","10/01/2008","08:00:00","01/01/2009","08:00:00","211",,"413","760 SIDNEY MARCUS BLVD NE","0670","2308",,"1","Unk","Unk","20","LARCENY-NON VEHICLE","Lindbergh/Morosgo","B","-84.363060000000004","33.825960000000002",1222862400
"1174742","091381145","05/18/2009","05/16/2008","08:00:00","05/17/2008","21:00:00","207",,"1826","40 PEACHTREE VALLEY RD NE","0640","2305",,"1","Unk","Sat","18","LARCENY-FROM VEHICLE",,"E","-84.391450000000006","33.810960000000001",1210939200
"1175516","091450894","05/25/2009","12/05/2008","12:00:00","12/05/2008","12:30:00","308",,,"1775 THOMASVILLE DR SE","0690","2399","50","1","Day","Fri",,"LARCENY-NON VEHICLE","Thomasville Heights","Z","-84.356979999999993","33.703029999999998",1228496400
"1175628","091460780","05/26/2009","05/24/2008","19:00:00","05/26/2009","11:15:00","213",,"5","1170 WOODLAND AVE NE","0670","2308","50","1","Unk","Unk",,"LARCENY-NON VEHICLE","Lindridge/Martin Manor","F","-84.349689999999995","33.814959999999999",1211670000
"1175681","091461654","05/26/2009","05/21/2008","09:20:00","05/21/2009","10:00:00","404",,,"1685 RALPH AVID ABERNATHY BLVD.","0640","2305",,"1","Unk","Unk","23","LARCENY-FROM VEHICLE",,"I","-84.442499999999995","33.748510000000003",1211376000
"1175708","091462058","05/26/2009","05/19/2008","07:00:00","05/26/2009","22:30:00","414",,"194","3390 FAIRBURN RD SW","0650","2304",,"1","Unk","Unk","26","LARCENY-FROM VEHICLE","Ben Hill","P","-84.523769999999999","33.663899999999998",1211194800
"1176655","091541684","06/03/2009","08/15/2008","13:00:00","06/03/2009","14:00:00","203",,,"2079 BOLTON RD NW","0710","2404",,"1","Unk","Unk","99","AUTO THEFT","Riverside","D","-84.472740000000002","33.812069999999999",1218819600
"1177548","091611060","06/10/2009","11/10/2008","12:00:00","06/10/2009","13:20:00","501",,,"216 16TH ST NW","0690","2316",,"1","Unk","Unk","20","LARCENY-NON VEHICLE","Home Park","E","-84.394210000000001","33.789839999999998",1226336400
"1178525","091691730","06/18/2009","12/25/2008","09:00:00","01/31/2009","09:00:00","103",,,"521 PAINES AVE","0650","2304",,"1","Unk","Unk","20","LARCENY-FROM VEHICLE","English Avenue","L","-84.414289999999994","33.768940000000001",1230213600
"1179923","091811026","06/30/2009","11/01/2008","14:00:00","06/30/2009","12:00:00","412",,,"3494 HERITAGE VALLEY RD SW","0690","2399",,"1","Unk","Unk","20","LARCENY-NON VEHICLE","Heritage Valley","P","-84.502759999999995","33.707520000000002",1225562400
"1181367","091941084","07/13/2009","05/12/2008","12:12:00","07/12/2009","15:00:00","212",,,"2489 CHESHIRE BRIDGE RD NE","0670","2308",,"1","Unk","Unk","19","LARCENY-NON VEHICLE","Lindridge/Martin Manor","F","-84.350549999999998","33.82226",1210608720
"1183466","092111772","07/30/2009","08/26/2008","23:10:00","09/02/2008","16:00:00","311",,,"2959 1ST AVE SW","0210","1103","20","1","Unk","Unk","20","RAPE","Hammond Park","X","-84.401629999999997","33.674469999999999",1219806600
"1183944","092158092","08/03/2009","11/17/2008","15:00:00","08/03/2009","15:29:00","050",,,"12700 SPINE RD GATE 9","0670","2308",,,"Unk","Unk",,"LARCENY-NON VEHICLE",,,"-84.428240000000002","33.640810000000002",1226952000
"1184023","092161419","08/04/2009","11/20/2008","15:00:00","11/20/2008","17:00:00","212",,,"2050 LIDDELL DR.","0720","2424","20",,"Eve","Thu","18","AUTO THEFT","Morningside/Lenox Park","F","-84.361609999999999","33.810560000000002",1227211200
"1184166","092171909","08/05/2009","12/09/2008","12:00:00","08/05/2009","18:00:00","312",,"X-33","50 MOUNT ZION RD SW","0650","2304",,"1","Unk","Unk","26","LARCENY-FROM VEHICLE","Glenrose Heights","Z","-84.39067","33.672730000000001",1228842000
"1184924","092240944","08/12/2009","09/18/2008","08:00:00","07/16/2009","08:00:00","307",,,"265 HIPP ST","0511","2202",,"1","Unk","Unk","20","BURGLARY-RESIDENCE","Joyland","Y","-84.397639999999996","33.70984",1221739200
"1185310","092280181","08/16/2009","08/16/2008","01:42:00","08/16/2009","01:55:00","204",,,"1316 LOGAN CIR NW","0640","2305",,"1","Unk","Unk","5","LARCENY-FROM VEHICLE","Underwood Hills","D","-84.430660000000003","33.805210000000002",1218865320
"1185787","092320860","08/20/2009","12/20/2008","12:00:00","08/20/2009","11:00:00","307",,,"19 WHATLEY ST","0511","2202",,"1","Unk","Unk","20","BURGLARY-RESIDENCE","Lakewood Heights","Y","-84.378159999999994","33.707360000000001",1229792400
"1185945","092332183","08/24/2009","08/21/2008","22:50:00","08/24/2009","14:00:00","204",,"3208","1750 COMMERCE DR.","0511","2202",,"1","Unk","Unk","26","BURGLARY-RESIDENCE","Berkeley Park","D","-84.410929999999993","33.801740000000002",1219373400
"1186813","092411242","08/29/2009","12/18/2008","20:00:00","12/18/2008","20:30:00","113",,,"782 JAMES JACKSON PKWY NW","0690","2399",,"1","Eve","Thu","12","LARCENY-NON VEHICLE","Brookview Heights","G","-84.473879999999994","33.776560000000003",1229648400
"1187074","092431576","08/31/2009","08/31/2008","00:01:00","08/31/2009","19:00:00","507",,"3254","300 PETERS ST SW","0511","2202",,"1","Unk","Unk","19","BURGLARY-RESIDENCE","Castleberry Hill","M","-84.402519999999996","33.746549999999999",1220155260
"1188122","092530674","09/10/2009","10/20/2008","00:05:00","09/04/2009","12:00:00","301",,,"717 BONNIE BRAE AVE SW","0512","2203",,"1","Unk","Unk",,"BURGLARY-NONRES","Adair Park","V","-84.411270000000002","33.730499999999999",1224475500
"1188249","092541092","09/11/2009","09/01/2008","09:00:00","09/11/2009","10:00:00","208",,"1712","3324 PEACHTREE RD","0670","2308",,"1","Unk","Unk",,"LARCENY-NON VEHICLE","North Buckhead","B","-84.368520000000004","33.845950000000002",1220274000
"1188923","092610996","09/18/2009","09/01/2008","10:00:00","09/01/2008","18:00:00","404",,,"161 W LAKE AVE SW","0720","2424",,"1","Day","Mon",,"AUTO THEFT",,"I","-84.444249999999997","33.750439999999998",1220277600
"1190360","092751698","10/02/2009","10/31/2008","08:00:00","10/31/2008","23:00:00","109",,,"809 MAGNOLIA WAY","0690","2399",,"1","Eve","Fri","26","LARCENY-NON VEHICLE","Center Hill","J","-84.460719999999995","33.777250000000002",1225454400
"1191460","092861390","10/13/2009","10/13/2008","14:00:00","10/13/2009","16:00:00","509",,,"303 PEACHTREE ST NE ;STE 4300","0670","2308",,"2","Unk","Unk","5","LARCENY-NON VEHICLE","Downtown","M","-84.386480000000006","33.762650000000001",1223920800
"1194187","093120797","11/08/2009","11/08/2008","12:00:00","11/01/2009","12:00:00","609",,"1412","1281 CAROLINE ST NE","0521","2204",,"1","Unk","Unk","26","BURGLARY-RESIDENCE","Edgewood","O","-84.346199999999996","33.758299999999998",1226163600
"1195366","093221023","11/18/2009","05/01/2008","06:00:00","11/18/2009","12:31:00","307",,,"465 SAWTELL AVE","0690","2399",,"2","Unk","Unk",,"LARCENY-NON VEHICLE","Lakewood Heights","Y","-84.369950000000003","33.70758",1209636000
"1196661","093341265","11/30/2009","05/01/2008","12:00:00","05/01/2008","12:00:00","207",,,"1575 NORTHSIDE DR","0650","2304",,"1","Day","Thu","99","LARCENY-FROM VEHICLE","Loring Heights","E","-84.404539999999997","33.800890000000003",1209657600
"1203627","100408031","02/09/2010","08/29/2008","12:00:00","02/09/2010","13:30:00","050",,,"10700 SPINE RD","0670","2308",,"1","Unk","Unk","1","LARCENY-NON VEHICLE",,,"-84.432609999999997","33.64067",1220025600
"1204238","100501325","02/19/2010","11/01/2008","00:10:00","11/30/2008","23:59:00","207",,"P 5","500 NORTHSIDE CIR NW","0690","2399",,"0","Unk","Unk","26","LARCENY-NON VEHICLE","Loring Heights","E","-84.406679999999994","33.797240000000002",1225512600
"1212269","101380741","05/18/2010","05/01/2008","08:00:00","05/18/2010","10:00:00","304",,,"1041 CREW ST SW","0650","2304",,"1","Unk","Unk","20","LARCENY-FROM VEHICLE","Peoplestown","V","-84.38991","33.726100000000002",1209643200
"1216365","101771227","06/26/2010","01/01/2008","00:00:00","06/22/2010","00:00:00","107",,,"2046 ARLINGTON CIRCLE","0210","1103","10","2","Unk","Unk","20","RAPE","Grove Park","J","-84.454610000000002","33.770969999999998",1199163600
"1218049","101940680","07/13/2010","07/15/2008","12:00:00","07/13/2010","10:18:00","404",,,"1711 RALPH D ABERNATHY BLVD SW","0511","2202",,"1","Unk","Unk","20","BURGLARY-RESIDENCE",,"I","-84.443039999999996","33.749049999999997",1216137600
"1221012","102211306","08/09/2010","07/12/2008","15:30:00","07/12/2008","16:00:00","402",,,"995 SPARKS ST","0650","2304",,"1","Eve","Sat","20","LARCENY-FROM VEHICLE","Oakland City","S","-84.420299999999997","33.726619999999997",1215891000
"1222480","102351004","08/23/2010","08/23/2008","08:00:00","08/23/2010","08:00:00","203",,,"2079 BOLTON RD NW","0650","2304",,"1","Unk","Unk","18","LARCENY-FROM VEHICLE","Riverside","D","-84.472740000000002","33.812069999999999",1219492800
"1223191","102420746","08/30/2010","08/30/2008","10:44:00","08/30/2010","11:01:00","104",,,"1586 ARCHER ST SW","0511","2202",,"1","Unk","Unk","20","BURGLARY-RESIDENCE","Mozley Park","K","-84.439319999999995","33.75065",1220107440
"1229843","103052108","11/01/2010","12/31/2008","20:00:00","01/01/2009","04:00:00","212",,,"2124 CHESHIRE BRIDGE ROAD","0210","1103","20","1","Morn","Thu",,"RAPE","Lindridge/Martin Manor","F","-84.356229999999996","33.81429",1230771600
"1248721","111461480","05/26/2011","04/01/2008","12:00:00","05/01/2011","12:00:00","109",,,"671 GARY RD NW","0650","2304",,"1","Unk","Unk","20","LARCENY-FROM VEHICLE","Center Hill","J","-84.460849999999994","33.773049999999998",1207065600
"1249714","111561494","06/05/2011","06/30/2008","20:00:00","05/30/2011","20:00:00","304",,,"755 HANK AARON DR SW @TURNER FIELD","0670","2308",,"1","Unk","Unk","99","LARCENY-NON VEHICLE","Summerhill","V","-84.388999999999996","33.736240000000002",1214870400
"1269974","113551145","12/21/2011","01/01/2008","08:00:00","12/21/2011","12:50:00","312",,,"188 ALYSON CT","0690","2399","20","1","Unk","Unk",,"LARCENY-NON VEHICLE","Glenrose Heights","Z","-84.385750000000002","33.671039999999998",1199192400
"1273484","120301079","01/30/2012","01/01/2008","12:00:00","01/01/2009","12:00:00","310",,,"2143 RHINEHILL RD SE","0690","2399",,"1","Unk","Unk",,"LARCENY-NON VEHICLE","Lakewood","Z","-84.379239999999996","33.695709999999998",1199206800
"1274255","120410892","02/10/2012","02/08/2008","12:00:00","02/07/2012","14:00:00","109",,,"836 AYRSHIRE CIR NW","0511","2202",,"1","Unk","Unk","20","BURGLARY-RESIDENCE","Center Hill","J","-84.458399999999997","33.77411",1202490000
"1353511","142111495","07/30/2014","01/01/2008","00:01:00","07/30/2014","11:30:00","404",,,"406 MATHEWSON PL SW","0690","2399",,"1","Unk","Unk",,"LARCENY-NON VEHICLE","Westview","T","-84.435980000000001","33.744129999999998",1199163660
"1356802","142482439","09/05/2014","02/01/2008","12:00:00","03/31/2011","12:00:00","405","B","1","3006 DELMAR LN","0210","1102","10","1","Unk","Unk","26","RAPE","Harland Terrace","I","-84.479299999999995","33.754309999999997",1201885200
"1386236","082450170067","09/29/2014","09/01/2008","02:00:00",,,"106",,,"2591 ETHERIDGE DR NW","0110","0911",,,"Morn","Unk",,"HOMICIDE","Carey Park","G","-84.472920000000002","33.7881",1220248800
"1386637","081031616006","01/27/2010","04/12/2008","07:30:00","04/12/2010","07:30:00","104",,,"116 WADLEY ST NW","0110","0911",,,"Unk","Unk",,"HOMICIDE","Dixie Hills","J","-84.458079999999995","33.754550000000002",1207999800
"5095778","152731542","09/30/2015","04/01/2008","12:00:00","05/31/2008","21:00:00","411",,,"3000 STONE HOGAN CONNECTOR SW","0210","1103",,"1","Unk","Unk","26","RAPE","Greenbriar","R","-84.496399999999994","33.673560000000002",1207065600
